x_friendly,y_friendly,z_friendly,x_r_friendly,y_r_friendly,z_r_friendly,w_r_friendly,x_unauthorized,y_unauthorized,z_unauthorized,image
3.772975444793701,-38.65935516357422,13.146919250488281,-0.001866450416855514,-7.450878183590248e-05,1.5568888045436324e-07,0.9999982714653015,4.745433807373047,-30.917524337768555,13.753698348999023,img_1770629912_893740892.png
3.770181894302368,-38.58138656616211,13.245872497558594,-0.0010375011479482055,-6.724295963067561e-05,6.831341181623429e-08,0.999999463558197,4.751557350158691,-30.90127182006836,13.788331031799316,img_1770629912_993861913.png
3.7674005031585693,-38.50390625,13.345144271850586,-0.00018946289492305368,-5.930830957368016e-05,-3.2133806726619696e-09,1.0,4.775593280792236,-30.837478637695312,13.927170753479004,img_1770629913_93995809.png
3.764632225036621,-38.42708206176758,13.444733619689941,0.00042392101022414863,-5.054887515143491e-05,-4.1645584758498444e-08,0.9999999403953552,4.787307262420654,-30.8063907623291,13.996771812438965,img_1770629913_194046020.png
3.761878728866577,-38.35102081298828,13.544635772705078,0.0007372366380877793,-4.0839553548721597e-05,-5.224351085075796e-08,0.9999997615814209,4.810023307800293,-30.74605941772461,14.13597297668457,img_1770629913_294505834.png
3.7591419219970703,-38.275787353515625,13.644847869873047,0.0008157200645655394,-3.0123799660941586e-05,-4.809166753716454e-08,0.9999997019767761,4.830747127532959,-30.68593978881836,14.269292831420898,img_1770629913_394219875.png
3.7564237117767334,-38.20138168334961,13.745366096496582,0.0007863743812777102,-1.8400764020043425e-05,-3.957571692581041e-08,0.9999997019767761,4.830747127532959,-30.68593978881836,14.269292831420898,img_1770629913_494393825.png
3.7537262439727783,-38.127803802490234,13.846189498901367,0.000772953440900892,-5.675486590916989e-06,-3.05701810532355e-08,0.9999997019767761,4.845828056335449,-30.616546630859375,14.393265724182129,img_1770629913_594516038.png
3.751051425933838,-38.05503845214844,13.947319984436035,0.0008587415213696659,8.09804168966366e-06,-1.9190846245464854e-08,0.9999996423721313,4.851524353027344,-30.527816772460938,14.506179809570312,img_1770629913_694537878.png
3.7484023571014404,-37.983089447021484,14.048763275146484,0.0010763186728581786,2.3056101781548932e-05,-6.282191433726325e-10,0.999999463558197,4.8464860916137695,-30.415945053100586,14.60177230834961,img_1770629913_794642925.png
3.745781183242798,-37.91200256347656,14.150525093078613,0.0014180762227624655,3.9437243685824797e-05,3.0267973016862015e-08,0.9999989867210388,4.840189456939697,-30.35198402404785,14.642290115356445,img_1770629913_894709825.png
3.7431912422180176,-37.84182357788086,14.252612113952637,0.0018558891024440527,5.75728845433332e-05,7.784505839936173e-08,0.9999982714653015,4.831728458404541,-30.283626556396484,14.678077697753906,img_1770629913_994869947.png
3.740635871887207,-37.772640228271484,14.355030059814453,0.0023604142479598522,7.787092181388289e-05,1.461348944076235e-07,0.9999972581863403,4.8096489906311035,-30.13727569580078,14.736589431762695,img_1770629914_94904899.png
3.7381181716918945,-37.704532623291016,14.457785606384277,0.0029141295235604048,0.00010080759966513142,2.4049089120126155e-07,0.999995768070221,4.7966814041137695,-30.06098175048828,14.760046005249023,img_1770629914_195005893.png
3.735642910003662,-37.637603759765625,14.560880661010742,0.003516638418659568,0.00012693829194176942,3.696994781421381e-07,0.9999938607215881,4.760738372802734,-29.86625862121582,14.805032730102539,img_1770629914_295152902.png
3.7332143783569336,-37.571964263916016,14.66431713104248,0.004183852579444647,0.00015693155000917614,5.481218181557779e-07,0.999991238117218,4.745413303375244,-29.787729263305664,14.818614959716797,img_1770629914_395068883.png
3.7308385372161865,-37.50772476196289,14.768092155456543,0.004944165702909231,0.00019162769604008645,7.979207339303684e-07,0.999987781047821,4.721725940704346,-29.66969871520996,14.835379600524902,img_1770629914_495157957.png
3.7285211086273193,-37.445030212402344,14.872198104858398,0.005834687035530806,0.00023212257656268775,1.152014988292649e-06,0.9999829530715942,4.697321891784668,-29.551332473754883,14.84870433807373,img_1770629914_595286846.png
3.7262699604034424,-37.384037017822266,14.976619720458984,0.006899761036038399,0.00027988225338049233,1.6590291807005997e-06,0.9999761581420898,4.672238826751709,-29.432395935058594,14.859397888183594,img_1770629914_695325851.png
3.7240936756134033,-37.3249397277832,15.081297874450684,0.007305899169296026,0.0005508169997483492,3.5929394925915403e-06,0.9999731779098511,4.6464643478393555,-29.312633514404297,14.86809253692627,img_1770629914_795313835.png
3.7221367359161377,-37.267364501953125,15.18386173248291,-0.012484932318329811,0.0056924656964838505,-0.000254123006016016,0.9999058246612549,4.619976043701172,-29.19188690185547,14.875269889831543,img_1770629914_895550012.png
3.7212507724761963,-37.207984924316406,15.281550407409668,-0.041172370314598083,0.012887494638562202,-0.0008265313808806241,0.9990686178207397,4.601913928985596,-29.11081886291504,14.879399299621582,img_1770629914_995625019.png
3.7227306365966797,-37.14164733886719,15.374019622802734,-0.06595819443464279,0.019101956859230995,-0.0013848659582436085,0.9976385831832886,4.564821720123291,-28.9473819732666,14.88646411895752,img_1770629915_95707893.png
3.727682113647461,-37.0639533996582,15.460224151611328,-0.0794472023844719,0.022604357451200485,-0.001720705535262823,0.9965813159942627,4.536165237426758,-28.82396125793457,14.890972137451172,img_1770629915_195690870.png
3.736605405807495,-36.97294616699219,15.536965370178223,-0.07837670296430588,0.02252851612865925,-0.0017295607831329107,0.996667742729187,4.516669750213623,-28.741504669189453,14.893697738647461,img_1770629915_295936822.png
3.749418020248413,-36.86903762817383,15.602861404418945,-0.0658838078379631,0.019593968987464905,-0.0014868262223899364,0.9976338148117065,4.496867656707764,-28.65903663635254,14.896244049072266,img_1770629915_396183967.png
3.765582323074341,-36.75446319580078,15.657964706420898,-0.04796767234802246,0.015264569781720638,-0.001113729435019195,0.9987316727638245,4.435688495635986,-28.412250518798828,14.903087615966797,img_1770629915_496011972.png
3.784332752227783,-36.63235092163086,15.703100204467773,-0.030251355841755867,0.01087578758597374,-0.0007282188744284213,0.9994829297065735,4.404157638549805,-28.289310455322266,14.906189918518066,img_1770629915_596083879.png
3.8048927783966064,-36.50581359863281,15.739505767822266,-0.01642312854528427,0.007278501987457275,-0.0004155501374043524,0.9998385906219482,4.382811069488525,-28.207477569580078,14.908173561096191,img_1770629915_695822954.png
3.8266165256500244,-36.37733459472656,15.768593788146973,-0.00785280391573906,0.004809800535440445,-0.0002087762113660574,0.9999576210975647,4.350327968597412,-28.084842681884766,14.91104793548584,img_1770629915_796001911.png
3.849050760269165,-36.248497009277344,15.791776657104492,-0.004049798473715782,0.0034170218277722597,-9.647609113017097e-05,0.9999859929084778,4.3173112869262695,-27.962257385253906,14.913825988769531,img_1770629915_895936012.png
3.8796353340148926,-36.07733154296875,15.81568431854248,-0.0037758122198283672,0.0027595674619078636,-3.897881833836436e-05,0.9999890923500061,4.2950119972229,-27.88053321838379,14.915635108947754,img_1770629916_31672000.png
3.8951454162597656,-35.99207305908203,15.825343132019043,-0.004597327206283808,0.0027301020454615355,-3.0072722438490018e-05,0.9999856948852539,4.249729156494141,-27.7170467376709,14.919171333312988,img_1770629916_96585035.png
3.926579713821411,-35.82188034057617,15.84128475189209,-0.006370770279318094,0.002885814756155014,-2.5492148779449053e-05,0.9999755620956421,4.20352840423584,-27.553529739379883,14.922621726989746,img_1770629916_232563018.png
3.9505434036254883,-35.6942253112793,15.851007461547852,-0.007130514830350876,0.0030118145514279604,-2.4692588340258226e-05,0.9999700784683228,4.20352840423584,-27.553529739379883,14.922621726989746,img_1770629916_314229011.png
3.966717481613159,-35.60902404785156,15.856689453125,-0.007287811953574419,0.003061405150219798,-2.390442205069121e-05,0.9999687671661377,4.144455909729004,-27.34916877746582,14.926843643188477,img_1770629916_396859884.png
3.991285562515259,-35.48102951049805,15.864280700683594,-0.007121837232261896,0.0030793927144259214,-2.2162961613503285e-05,0.9999698996543884,4.12040901184082,-27.267452239990234,14.928509712219238,img_1770629916_496860980.png
4.016223430633545,-35.35283279418945,15.870999336242676,-0.006704841274768114,0.003049062332138419,-2.016998769249767e-05,0.9999728798866272,4.096121788024902,-27.18575668334961,14.93016529083252,img_1770629916_596952915.png
4.041522979736328,-35.224510192871094,15.87706184387207,-0.006271091755479574,0.0029990659095346928,-1.84670807357179e-05,0.999975860118866,4.021815776824951,-26.9407958984375,14.93506908416748,img_1770629916_697057008.png
4.075798988342285,-35.05336380004883,15.884395599365234,-0.005896410439163446,0.0029399541672319174,-1.7164220480481163e-05,0.9999783039093018,4.00922155380249,-26.89998435974121,14.935877799987793,img_1770629916_816099882.png
4.0931620597839355,-34.967803955078125,15.88782024383545,-0.0058187879621982574,0.002921338891610503,-1.6935926396399736e-05,0.9999788403511047,3.9582467079162598,-26.73678207397461,14.939093589782715,img_1770629916_897332906.png
4.119481086730957,-34.83950424194336,15.892725944519043,-0.005810681264847517,0.0029092112090438604,-1.6967793271760456e-05,0.9999788999557495,3.919389009475708,-26.614416122436523,14.941483497619629,img_1770629916_997423887.png
4.146124839782715,-34.71125030517578,15.897414207458496,-0.0058773597702383995,0.0029135544318705797,-1.7230693629244342e-05,0.9999784827232361,3.866741418838501,-26.451313018798828,14.944642066955566,img_1770629917_97352027.png
4.173090934753418,-34.58303451538086,15.901935577392578,-0.005961112678050995,0.0029297966975718737,-1.7524003851576708e-05,0.9999779462814331,3.840056896209717,-26.369781494140625,14.946208953857422,img_1770629917_197394847.png
4.200380802154541,-34.454833984375,15.906326293945312,-0.006024651229381561,0.0029534304048866034,-1.7739297618390992e-05,0.9999775290489197,3.8131306171417236,-26.288265228271484,14.947768211364746,img_1770629917_297627925.png
4.227994918823242,-34.32664108276367,15.910615921020508,-0.006054254248738289,0.0029809868428856134,-1.7855918486020528e-05,0.9999772310256958,3.772284984588623,-26.1660213470459,14.950092315673828,img_1770629917_397567033.png
4.255936145782471,-34.198448181152344,15.914824485778809,-0.0060537708923220634,0.003010204993188381,-1.7907565052155405e-05,0.999977171421051,3.7308881282806396,-26.0438175201416,14.952398300170898,img_1770629917_497694015.png
4.284207344055176,-34.070255279541016,15.918968200683594,-0.006035472732037306,0.0030398431699723005,-1.7944494175026193e-05,0.999977171421051,3.674828052520752,-25.88094139099121,14.955442428588867,img_1770629917_597754001.png
4.31281042098999,-33.94207000732422,15.923059463500977,-0.006012183614075184,0.003069431520998478,-1.8006601749220863e-05,0.9999772310256958,3.6321301460266113,-25.758834838867188,14.957703590393066,img_1770629917_697855949.png
4.34174919128418,-33.81388854980469,15.927105903625488,-0.00599271384999156,0.0030990662053227425,-1.8112139514414594e-05,0.9999772310256958,3.5888681411743164,-25.63677215576172,14.959944725036621,img_1770629917_797894954.png
4.371025562286377,-33.68571853637695,15.931114196777344,-0.00598065136000514,0.0031292401254177094,-1.8259435819345526e-05,0.9999772310256958,3.5450387001037598,-25.514755249023438,14.962164878845215,img_1770629917_898006916.png
4.400642395019531,-33.55756378173828,15.935089111328125,-0.005975422915071249,0.003160686232149601,-1.8435461242916062e-05,0.999977171421051,3.5006370544433594,-25.392786026000977,14.964363098144531,img_1770629917_998168945.png
4.43060302734375,-33.42942428588867,15.939033508300781,-0.005974266212433577,0.00319422478787601,-1.862522549345158e-05,0.9999770522117615,3.4707159996032715,-25.311500549316406,14.965816497802734,img_1770629918_98151922.png
4.460910320281982,-33.30130386352539,15.942948341369629,-0.005974061321467161,0.0032306385692209005,-1.8818214812199585e-05,0.9999769330024719,3.4253501892089844,-25.189617156982422,14.967976570129395,img_1770629918_198263883.png
4.491568088531494,-33.17319869995117,15.946836471557617,-0.0059724655002355576,0.0032706034835428,-1.9010723917745054e-05,0.9999768733978271,3.3793981075286865,-25.067785263061523,14.970112800598145,img_1770629918_298547983.png
4.522581100463867,-33.045108795166016,15.950695991516113,-0.005968280136585236,0.0033146950881928205,-1.9204864656785503e-05,0.9999766945838928,3.3172061443328857,-24.905433654785156,14.972921371459961,img_1770629918_398419857.png
4.553954124450684,-32.91703796386719,15.95452880859375,-0.005961266346275806,0.003363471943885088,-1.9406003048061393e-05,0.9999765753746033,3.2698605060577393,-24.783740997314453,14.974995613098145,img_1770629918_498472929.png
4.585693836212158,-32.78898620605469,15.958333969116211,-0.005951692815870047,0.0034176071640104055,-1.9620096281869337e-05,0.9999764561653137,3.2379586696624756,-24.702648162841797,14.976363182067871,img_1770629918_598580837.png
4.617806911468506,-32.66095733642578,15.962108612060547,-0.005939882714301348,0.0034780530259013176,-1.9851993783959188e-05,0.9999763369560242,3.1733310222625732,-24.54055404663086,14.979057312011719,img_1770629918_698661804.png
4.650301933288574,-32.53295135498047,15.965852737426758,-0.005925884936004877,0.0035462230443954468,-2.0104906070628203e-05,0.9999761581420898,3.124128580093384,-24.419069290161133,14.981040000915527,img_1770629918_798707962.png
4.683187961578369,-32.40497589111328,15.969561576843262,-0.005909301806241274,0.00362420454621315,-2.0380752175697125e-05,0.9999759793281555,3.090972423553467,-24.338123321533203,14.982342720031738,img_1770629918_898818016.png
4.716476917266846,-32.27702713012695,15.973234176635742,-0.005889212246984243,0.003715048311278224,-2.068085814244114e-05,0.9999757409095764,3.0237934589385986,-24.176345825195312,14.984899520874023,img_1770629918_998875856.png
4.750182151794434,-32.149112701416016,15.976865768432617,-0.005864099599421024,0.0038232384249567986,-2.100640267599374e-05,0.9999755024909973,2.97263503074646,-24.05512046813965,14.986770629882812,img_1770629919_98963022.png
4.784301280975342,-32.02123260498047,15.980435371398926,-0.007365196943283081,-0.0014288919046521187,-1.0527292033657432e-06,0.999971866607666,2.9381515979766846,-23.97435760498047,14.987995147705078,img_1770629919_199124813.png
4.817662715911865,-31.893083572387695,15.983823776245117,-0.011651900596916676,-0.022737151011824608,0.00015426620666403323,0.99967360496521,2.8682548999786377,-23.81298065185547,14.99038028717041,img_1770629919_299183845.png
4.846378803253174,-31.7639102935791,15.987058639526367,-0.013346034102141857,-0.046962667256593704,0.0002469019964337349,0.9988074898719788,2.832828998565674,-23.732372283935547,14.991539001464844,img_1770629919_399178981.png
4.865920066833496,-31.633405685424805,15.990058898925781,-0.01029087696224451,-0.06344778090715408,3.318662129458971e-05,0.9979320764541626,2.7790725231170654,-23.611568450927734,14.993230819702148,img_1770629919_499320030.png
4.873136043548584,-31.502119064331055,15.99262523651123,-0.0036686845123767853,-0.06856797635555267,-0.00036801895475946367,0.9976396560668945,2.724548816680908,-23.49091339111328,14.994861602783203,img_1770629919_599375963.png
4.867047309875488,-31.371292114257812,15.9946870803833,0.0040258136577904224,-0.06351613998413086,-0.0007466961978934705,0.9979724287986755,2.6505954265594482,-23.330303192138672,14.996925354003906,img_1770629919_699450016.png
4.848639965057373,-31.242374420166016,15.996353149414062,0.010295593179762363,-0.05224859341979027,-0.0009563728817738593,0.9985805749893188,2.576199531555176,-23.169469833374023,14.99882984161377,img_1770629919_799589872.png
4.820132732391357,-31.116559982299805,15.997787475585938,0.01359388418495655,-0.03905689716339111,-0.0009554376592859626,0.9991440773010254,2.5582196712493896,-23.128889083862305,14.999300956726074,img_1770629919_899665832.png
4.784143924713135,-30.994474411010742,15.999099731445312,0.013632755726575851,-0.027228523045778275,-0.0007893677684478462,0.9995359778404236,2.479421854019165,-22.9210262298584,15.001635551452637,img_1770629919_999751806.png
4.743041038513184,-30.876113891601562,16.000333786010742,0.011191223748028278,-0.018523383885622025,-0.0005477368831634521,0.9997656345367432,2.4667418003082275,-22.8782958984375,15.002055168151855,img_1770629920_99848985.png
4.698586940765381,-30.76099395751953,16.00149917602539,0.007561712060123682,-0.013284187763929367,-0.000316264049615711,0.9998831152915955,2.428328514099121,-22.703994750976562,15.003436088562012,img_1770629920_199870824.png
4.651864051818848,-30.648393630981445,16.002595901489258,0.00396563159301877,-0.010886807925999165,-0.0001449912815587595,0.9999328851699829,2.4120113849639893,-22.570985794067383,15.004220008850098,img_1770629920_299959897.png
4.603391170501709,-30.537593841552734,16.00362777709961,0.0011829963186755776,-0.01029072143137455,-4.37828348367475e-05,0.9999463558197021,2.403604030609131,-22.39319610595703,15.005168914794922,img_1770629920_400079011.png
4.553322792053223,-30.42803192138672,16.004596710205078,-0.0005341757205314934,-0.010489138774573803,3.0774110655329423e-06,0.9999448657035828,2.403517007827759,-22.30481719970703,15.005659103393555,img_1770629920_500115871.png
4.50164794921875,-30.31934928894043,16.005508422851562,-0.0013386872597038746,-0.010766992345452309,1.838154457800556e-05,0.9999411702156067,2.408247947692871,-22.12980842590332,15.00668716430664,img_1770629920_600276947.png
4.4483323097229,-30.21137237548828,16.006366729736328,-0.0015782195841893554,-0.010768720880150795,2.0284267520764843e-05,0.9999407529830933,2.410076141357422,-22.08642578125,15.006949424743652,img_1770629920_700395822.png
4.393387794494629,-30.10403823852539,16.00717544555664,-0.0016041746130213141,-0.010434603318572044,1.908730700961314e-05,0.999944269657135,2.4164252281188965,-21.957021713256836,15.007735252380371,img_1770629920_800446987.png
4.336891174316406,-29.997337341308594,16.00794219970703,-0.001656465814448893,-0.009879255667328835,1.889055965875741e-05,0.9999498724937439,2.42881441116333,-21.74297332763672,15.009013175964355,img_1770629920_900532960.png
4.278960227966309,-29.891246795654297,16.008668899536133,-0.001832650974392891,-0.009272472001612186,2.032645897998009e-05,0.9999553561210632,2.434319257736206,-21.657629013061523,15.009510040283203,img_1770629921_582933.png
4.219725131988525,-29.785734176635742,16.009357452392578,-0.002117758383974433,-0.008756458759307861,2.2628768419963308e-05,0.9999594688415527,2.443284034729004,-21.52971076965332,15.010237693786621,img_1770629921_100592851.png
4.159296989440918,-29.68073844909668,16.010011672973633,-0.0024400546681135893,-0.00840823445469141,2.4815637516439892e-05,0.9999616742134094,2.4497976303100586,-21.4444580078125,15.010712623596191,img_1770629921_200784921.png
4.097756385803223,-29.576194763183594,16.010631561279297,-0.0027231662534177303,-0.008238938637077808,2.6237350539304316e-05,0.9999623894691467,2.4604310989379883,-21.316614151000977,15.011409759521484,img_1770629921_300961971.png
4.035147666931152,-29.472043991088867,16.011219024658203,-0.0029181218706071377,-0.008214331232011318,2.6714122213888913e-05,0.9999620318412781,2.4720778465270996,-21.188838958740234,15.012089729309082,img_1770629921_400988817.png
3.971487283706665,-29.36824607849121,16.01177215576172,-0.003012421540915966,-0.008281231857836246,2.6429070203448646e-05,0.9999611973762512,2.4846279621124268,-21.06116485595703,15.012752532958984,img_1770629921_500955820.png
3.906773567199707,-29.26477813720703,16.01228904724121,-0.0030222833156585693,-0.008389291353523731,2.572514677012805e-05,0.9999602437019348,2.497924566268921,-20.933609008789062,15.013401985168457,img_1770629921_601032018.png
3.840996265411377,-29.161638259887695,16.012771606445312,-0.002977529773488641,-0.008503432385623455,2.4923983801272698e-05,0.999959409236908,2.5118117332458496,-20.80616569519043,15.014037132263184,img_1770629921_701146841.png
3.774143695831299,-29.0588321685791,16.01321792602539,-0.0029072987381368876,-0.008606994524598122,2.4224786102422513e-05,0.9999587535858154,2.5261712074279785,-20.67881202697754,15.014657020568848,img_1770629921_801208972.png
3.7062056064605713,-28.956369400024414,16.013628005981445,-0.002831200836226344,-0.008698420599102974,2.3684548068558797e-05,0.9999582171440125,2.545938014984131,-20.50909996032715,15.015462875366211,img_1770629921_901319980.png
3.637174606323242,-28.854263305664062,16.01399803161621,-0.0027568447403609753,-0.008785052224993706,2.3251148377312347e-05,0.9999576210975647,2.561204671859741,-20.381858825683594,15.016050338745117,img_1770629922_1516819.png
3.567044258117676,-28.75252914428711,16.01432991027832,-0.0026821084320545197,-0.008877024054527283,2.281655542901717e-05,0.9999570250511169,2.5821688175201416,-20.212236404418945,15.01681137084961,img_1770629922_101516008.png
3.49580717086792,-28.65117835998535,16.014617919921875,-0.0025995573960244656,-0.00898297131061554,2.2265492589212954e-05,0.9999563097953796,2.592924118041992,-20.127437591552734,15.017182350158691,img_1770629922_201623916.png
3.4234535694122314,-28.550222396850586,16.014863967895508,-0.0025006886571645737,-0.009108083322644234,2.1506293705897406e-05,0.999955415725708,2.614999771118164,-19.957870483398438,15.017903327941895,img_1770629922_301702976.png
3.3499703407287598,-28.449682235717773,16.015064239501953,-0.002378638833761215,-0.009254127740859985,2.0480507373576984e-05,0.999954342842102,2.632054328918457,-19.83072280883789,15.018426895141602,img_1770629922_401831865.png
3.3003451824188232,-28.38289451599121,16.01517105102539,-0.0022821323946118355,-0.009362923912703991,1.963166141649708e-05,0.99995356798172,2.64365816116333,-19.7459716796875,15.018767356872559,img_1770629922_501843929.png
3.1995410919189453,-28.24993133544922,16.015317916870117,-0.0020492044277489185,-0.0096063744276762,1.7504358766018413e-05,0.9999517798423767,2.661407947540283,-19.618865966796875,15.019265174865723,img_1770629922_601941823.png
3.1225497722625732,-28.150781631469727,16.015363693237305,-0.0018370102625340223,-0.009810860268771648,1.5490177247556858e-05,0.9999501705169678,2.679560661315918,-19.491785049438477,15.019747734069824,img_1770629922_702026844.png
3.0179905891418457,-28.01941680908203,16.015336990356445,-0.0014974463265389204,-0.010114573873579502,1.2112895092286635e-05,0.999947726726532,2.71069073677063,-19.280027389526367,15.020516395568848,img_1770629922_836097002.png
2.9915030002593994,-27.986736297607422,16.01531219482422,-0.0014009723672643304,-0.010196754708886147,1.111653182306327e-05,0.9999470710754395,2.7170467376708984,-19.237682342529297,15.020665168762207,img_1770629922_902379035.png
2.884121894836426,-27.85671043395996,16.0151424407959,-0.0009581221383996308,-0.010555827990174294,6.326236416498432e-06,0.9999438524246216,2.7429041862487793,-19.068323135375977,15.021239280700684,img_1770629923_20097970.png
2.802041530609131,-27.759990692138672,16.014930725097656,-0.0005514571676030755,-0.010864082723855972,1.6195059515666799e-06,0.9999408721923828,2.7494773864746094,-19.02598762512207,15.021378517150879,img_1770629923_96539020.png
2.690452814102173,-27.632234573364258,16.014524459838867,0.00012899427383672446,-0.01134428195655346,-6.866584953968413e-06,0.9999356865882874,2.7898402214050293,-18.772024154663086,15.022172927856445,img_1770629923_219925880.png
2.605076789855957,-27.537445068359375,16.014118194580078,0.0007830539834685624,-0.011772573925554752,-1.567483377584722e-05,0.9999304413795471,2.8106207847595215,-18.645071029663086,15.022543907165527,img_1770629923_319489955.png
2.5473201274871826,-27.474802017211914,16.013790130615234,0.000716072041541338,-0.011399941518902779,-1.5706840713392012e-05,0.9999347925186157,2.8176369667053223,-18.602758407592773,15.022664070129395,img_1770629923_396787881.png
2.4598186016082764,-27.38139533996582,16.013242721557617,-0.011997604742646217,0.0042692143470048904,-0.000250164681347087,0.9999188780784607,2.8389549255371094,-18.475831985473633,15.023011207580566,img_1770629923_502218961.png
2.3463644981384277,-27.25398826599121,16.01272201538086,-0.035340167582035065,0.03378390520811081,-0.0013361235614866018,0.9988032579421997,2.860677719116211,-18.348928451538086,15.02333927154541,img_1770629923_620455026.png
2.2938239574432373,-27.186838150024414,16.01259994506836,-0.04454941675066948,0.046188633888959885,-0.001907304278574884,0.9979370832443237,2.87538480758667,-18.26433753967285,15.023548126220703,img_1770629923_696970939.png
2.223313808441162,-27.07952117919922,16.012405395507812,-0.05248243734240532,0.05832063779234886,-0.0025618525687605143,0.9969141483306885,2.9129443168640137,-18.05290412902832,15.024031639099121,img_1770629923_803385019.png
2.164754629135132,-26.96303939819336,16.01201820373535,-0.05274243280291557,0.06307025253772736,-0.0028225616551935673,0.9966104626655579,2.9360251426696777,-17.926074981689453,15.024295806884766,img_1770629923_904599905.png
2.095825433731079,-26.749723434448242,16.01095199584961,-0.029791273176670074,0.06216644495725632,-0.001149293384514749,0.9976204633712769,2.9516408443450928,-17.841533660888672,15.024460792541504,img_1770629924_36864995.png
2.071359395980835,-26.614501953125,16.01038360595703,-0.011602484621107578,0.058332595974206924,1.9170201994711533e-05,0.9982298016548157,2.9995927810668945,-17.587974548339844,15.02489948272705,img_1770629924_137518882.png
2.0658578872680664,-26.56900405883789,16.010244369506836,-0.006043402943760157,0.05667160823941231,0.0003300424141343683,0.9983745217323303,2.9995927810668945,-17.587974548339844,15.02489948272705,img_1770629924_202759027.png
2.0567469596862793,-26.432933807373047,16.009973526000977,0.00734283123165369,0.05074094235897064,0.0009511240059509873,0.9986844062805176,3.0241951942443848,-17.461233139038086,15.025087356567383,img_1770629924_302762985.png
2.0577046871185303,-26.29940414428711,16.0098876953125,0.014789142645895481,0.043706201016902924,0.0011279882164672017,0.9989343285560608,3.0492193698883057,-17.334516525268555,15.025252342224121,img_1770629924_402911901.png
2.067260980606079,-26.16987419128418,16.00992202758789,0.016605760902166367,0.03611385449767113,0.0010024179937317967,0.9992092251777649,3.0746681690216064,-17.207826614379883,15.025394439697266,img_1770629924_502977848.png
2.0838561058044434,-26.04469871520996,16.010051727294922,0.014385780319571495,0.028683561831712723,0.0007402648334391415,0.9994847774505615,3.1092660427093506,-17.038949966430664,15.02554702758789,img_1770629924_603005886.png
2.105976104736328,-25.923444747924805,16.010271072387695,0.010145166888833046,0.022131646052002907,0.0004655742959585041,0.9997035264968872,3.126852512359619,-16.954530715942383,15.02560806274414,img_1770629924_703156948.png
2.132289171218872,-25.805269241333008,16.010574340820312,0.005649243947118521,0.01696515828371048,0.00024535375996492803,0.9998401403427124,3.153594732284546,-16.827926635742188,15.025677680969238,img_1770629924_803193807.png
2.161740779876709,-25.68927574157715,16.010944366455078,0.002032736549153924,0.013362831436097622,0.00010041457426268607,0.9999086856842041,3.1807749271392822,-16.701353073120117,15.02572250366211,img_1770629924_903263807.png
2.193587064743042,-25.57473373413086,16.01136016845703,-0.00026905571576207876,0.011182977817952633,2.2601034288527444e-05,0.9999374747276306,3.208397388458252,-16.574811935424805,15.025740623474121,img_1770629925_3331899.png
2.227367401123047,-25.461166381835938,16.011798858642578,-0.0013656251830980182,0.010068975389003754,-9.123121344600804e-06,0.9999483823776245,3.227060079574585,-16.49047088623047,15.025737762451172,img_1770629925_103444814.png
2.2628350257873535,-25.348337173461914,16.012248992919922,-0.0016568497521802783,0.009593491442501545,-1.652488026593346e-05,0.9999526143074036,3.2554287910461426,-16.363985061645508,15.025711059570312,img_1770629925_203492879.png
2.2998733520507812,-25.23617172241211,16.0127010345459,-0.0015928781358525157,0.009383626282215118,-1.5393061403301544e-05,0.9999547004699707,3.2939608097076416,-16.195392608642578,15.025629997253418,img_1770629925_303707838.png
2.338423013687134,-25.124670028686523,16.013147354125977,-0.0015156372683122754,0.009192890487611294,-1.4055551218916662e-05,0.9999566078186035,3.323396682739258,-16.068994522094727,15.025533676147461,img_1770629925_403872966.png
2.378432273864746,-25.013837814331055,16.013586044311523,-0.0015983886551111937,0.008914286270737648,-1.5130107385630254e-05,0.9999589920043945,3.3532989025115967,-15.942633628845215,15.025406837463379,img_1770629925_503737926.png
2.419835329055786,-24.90365219116211,16.01401138305664,-0.0018628599354997277,0.008549795486032963,-1.8163809727411717e-05,0.9999617338180542,3.383673667907715,-15.816314697265625,15.025247573852539,img_1770629925_604027986.png
2.462550163269043,-24.794057846069336,16.01442527770996,-0.00223750458098948,0.008160222321748734,-2.1724785256083123e-05,0.9999642372131348,3.404188871383667,-15.73212718963623,15.025123596191406,img_1770629925_703992843.png
2.506490468978882,-24.684980392456055,16.014822006225586,-0.0026219808496534824,0.007817324250936508,-2.4574743292760104e-05,0.999966025352478,3.445866346359253,-15.563811302185059,15.024827003479004,img_1770629925_804078817.png
2.551578998565674,-24.576337814331055,16.015201568603516,-0.0029347927775233984,0.007571791298687458,-2.6107090889126994e-05,0.9999670386314392,3.477699041366577,-15.437630653381348,15.02456283569336,img_1770629925_904129981.png
2.6133859157562256,-24.432056427001953,16.01568031311035,-0.003176572499796748,0.0074211531318724155,-2.619036786200013e-05,0.9999674558639526,3.5318734645843506,-15.227446556091309,15.024035453796387,img_1770629926_5224943.png
2.6609654426574707,-24.324222564697266,16.016016006469727,-0.0032333536073565483,0.007420044392347336,-2.5350958821945824e-05,0.9999672770500183,3.5318734645843506,-15.227446556091309,15.024035453796387,img_1770629926_105999946.png
2.709580421447754,-24.216693878173828,16.016328811645508,-0.0032173539511859417,0.007479599677026272,-2.4307377316290513e-05,0.9999668598175049,3.565065622329712,-15.101410865783691,15.023664474487305,img_1770629926_222193002.png
2.7425665855407715,-24.145179748535156,16.016525268554688,-0.0031843355391174555,0.007536828052252531,-2.3687547582085244e-05,0.999966561794281,3.6101462841033936,-14.933459281921387,15.023100852966309,img_1770629926_304327011.png
2.792914628982544,-24.03816795349121,16.016799926757812,-0.0031235944479703903,0.007630381733179092,-2.301354834344238e-05,0.999966025352478,3.6445910930633545,-14.807572364807129,15.022624015808105,img_1770629926_404515027.png
2.844313383102417,-23.931474685668945,16.017051696777344,-0.003065692260861397,0.007720598950982094,-2.2661357434117235e-05,0.999965488910675,3.6913907527923584,-14.639838218688965,15.0219087600708,img_1770629926_504904985.png
2.896770715713501,-23.82511329650879,16.017276763916016,-0.0030170020181685686,0.007803474087268114,-2.2533664377988316e-05,0.9999650120735168,3.7032506465911865,-14.597926139831543,15.021714210510254,img_1770629926_604821920.png
2.9502933025360107,-23.71908950805664,16.01747703552246,-0.0029742703773081303,0.007882672362029552,-2.2483895008917898e-05,0.9999645352363586,3.751349925994873,-14.430373191833496,15.020874977111816,img_1770629926_705004930.png
3.004887104034424,-23.6134090423584,16.017648696899414,-0.002929648384451866,0.007965100929141045,-2.2379252186510712e-05,0.9999639987945557,3.7881393432617188,-14.304817199707031,15.020174026489258,img_1770629926_804940938.png
3.060558795928955,-23.50807762145996,16.017791748046875,-0.002875108737498522,0.00805725995451212,-2.2133972379378974e-05,0.9999634027481079,3.825568675994873,-14.179364204406738,15.019404411315918,img_1770629926_905200004.png
3.1173160076141357,-23.403104782104492,16.017906188964844,-0.002805091440677643,0.008163204416632652,-2.171442611142993e-05,0.9999627470970154,3.8636677265167236,-14.054027557373047,15.018561363220215,img_1770629927_5133867.png
3.1751694679260254,-23.298503875732422,16.017990112304688,-0.002717225346714258,0.00828414224088192,-2.1125355488038622e-05,0.9999620318412781,3.9024710655212402,-13.928820610046387,15.0176362991333,img_1770629927_105317831.png
3.234133005142212,-23.194286346435547,16.018041610717773,-0.0026116345543414354,0.008419163525104523,-2.038847014773637e-05,0.9999611973762512,3.9420218467712402,-13.80376148223877,15.016618728637695,img_1770629927_205283880.png
3.294222116470337,-23.090471267700195,16.0180606842041,-0.002489593578502536,0.008566462434828281,-1.9522647562553175e-05,0.9999602437019348,3.9822816848754883,-13.678833961486816,15.015584945678711,img_1770629927_305429935.png
3.3554553985595703,-22.987079620361328,16.018043518066406,-0.0023521932307630777,0.008724445477128029,-1.853090725489892e-05,0.9999591708183289,4.021997451782227,-13.553546905517578,15.014822006225586,img_1770629927_405530929.png
3.4178528785705566,-22.884136199951172,16.017990112304688,-0.0021994193084537983,0.00889245979487896,-1.7395181203028187e-05,0.9999580383300781,4.058584213256836,-13.427021980285645,15.014388084411621,img_1770629927_505744934.png
3.4814364910125732,-22.781665802001953,16.017898559570312,-0.002029745141044259,0.009071031585335732,-1.6076863175840117e-05,0.9999568462371826,4.098649024963379,-13.255485534667969,15.014128684997559,img_1770629927_605703830.png
3.5462300777435303,-22.67970085144043,16.01776695251465,-0.0018401298439130187,0.00926175992935896,-1.4519905562337954e-05,0.999955415725708,4.121038913726807,-13.124794006347656,15.014039993286133,img_1770629927_705721855.png
3.61225962638855,-22.578271865844727,16.017593383789062,-0.0016262037679553032,0.009467041119933128,-1.2653278645302635e-05,0.9999538660049438,4.137505054473877,-12.992913246154785,15.014028549194336,img_1770629927_805804967.png
3.679553270339966,-22.477418899536133,16.017375946044922,-0.00138241914100945,0.009689807891845703,-1.0390459465270396e-05,0.9999521374702454,4.145921230316162,-12.904646873474121,15.01407527923584,img_1770629927_905977010.png
3.748143196105957,-22.37718391418457,16.017108917236328,-0.001102007576264441,0.009933394379913807,-7.624634690728271e-06,0.999950110912323,4.155997276306152,-12.772132873535156,15.01423454284668,img_1770629928_5975961.png
3.8180642127990723,-22.277616500854492,16.01679229736328,-0.0007766457856632769,0.0102015919983387,-4.218760295771062e-06,0.9999476671218872,4.167055130004883,-12.595746994018555,15.014577865600586,img_1770629928_106052875.png
3.8893566131591797,-22.17877769470215,16.016420364379883,-0.00039577303687110543,0.01049888040870428,1.0619100265785164e-08,0.999944806098938,4.174898624420166,-12.463827133178711,15.014890670776367,img_1770629928_206135988.png
3.9620654582977295,-22.080732345581055,16.0159912109375,5.45028924534563e-05,0.01083079818636179,5.318006969901035e-06,0.999941349029541,4.180175304412842,-12.376029968261719,15.01511287689209,img_1770629928_306653976.png
4.0362420082092285,-21.983564376831055,16.015499114990234,0.0005930462502874434,0.011204451322555542,1.2066808267263696e-05,0.9999370574951172,4.188185214996338,-12.244473457336426,15.015458106994629,img_1770629928_406764030.png
4.137530326843262,-21.855541229248047,16.014734268188477,0.0014954251237213612,0.011784139089286327,2.426434548397083e-05,0.9999294281005859,4.193508625030518,-12.15680980682373,15.015692710876465,img_1770629928_507210969.png
4.189244270324707,-21.792268753051758,16.014301300048828,0.0020515546202659607,0.012117400765419006,3.229016874684021e-05,0.9999244809150696,4.203780174255371,-11.981465339660645,15.016166687011719,img_1770629928_606942892.png
4.268084526062012,-21.69829559326172,16.013586044311523,-0.005469317547976971,0.002505745505914092,0.00011152173101436347,0.9999819397926331,4.213184356689453,-11.806026458740234,15.01663875579834,img_1770629928_707057952.png
4.346608638763428,-21.604000091552734,16.012924194335938,-0.022971177473664284,-0.01947769708931446,0.0007785887573845685,0.9995461106300354,4.217513084411621,-11.718274116516113,15.01687240600586,img_1770629928_807102918.png
4.420773506164551,-21.506179809570312,16.012502670288086,-0.039532050490379333,-0.04107844457030296,0.001676802639849484,0.9983721971511841,4.225521087646484,-11.542734146118164,15.017332077026367,img_1770629928_907244920.png
4.486430644989014,-21.401670455932617,16.012205123901367,-0.050094060599803925,-0.056153491139411926,0.0024372446350753307,0.9971616864204407,4.231110095977783,-11.411076545715332,15.017668724060059,img_1770629929_7242918.png
4.540650367736816,-21.28843879699707,16.01177978515625,-0.05355466902256012,-0.06305169314146042,0.002877361373975873,0.9965681433677673,4.236489295959473,-11.279435157775879,15.017997741699219,img_1770629929_107297897.png
4.6024088859558105,-21.07969093322754,16.01059341430664,-0.03605608269572258,-0.063574880361557,0.0016492899740114808,0.9973241686820984,4.24000883102417,-11.191683769226074,15.01821231842041,img_1770629929_258080005.png
4.610433578491211,-21.035520553588867,16.010332107543945,-0.030074115842580795,-0.06268554925918579,0.0012234658934175968,0.9975793957710266,4.245228290557861,-11.060072898864746,15.018526077270508,img_1770629929_291431903.png
4.622305393218994,-20.945716857910156,16.009855270385742,-0.017740026116371155,-0.06019887700676918,0.0003882823511958122,0.9980286955833435,4.250390529632568,-10.928473472595215,15.018830299377441,img_1770629929_407442808.png
4.630173206329346,-20.809375762939453,16.009323120117188,-0.0010277420515194535,-0.055072300136089325,-0.0005766983958892524,0.9984816908836365,4.255481243133545,-10.796881675720215,15.019124031066895,img_1770629929_491192817.png
4.627131462097168,-20.67392921447754,16.009014129638672,0.010621998459100723,-0.0486205630004406,-0.0010594431078061461,0.9987602829933167,4.258821487426758,-10.709155082702637,15.01931381225586,img_1770629929_591099977.png
4.614548683166504,-20.54166603088379,16.008869171142578,0.01611882820725441,-0.04123585298657417,-0.0011212662793695927,0.9990187883377075,4.265339374542236,-10.533702850341797,15.019678115844727,img_1770629929_691256999.png
4.593956470489502,-20.41366195678711,16.008832931518555,0.01628389023244381,-0.03351309522986412,-0.0009283460094593465,0.9993051886558533,4.2700653076171875,-10.402113914489746,15.019937515258789,img_1770629929_791365861.png
4.5669331550598145,-20.28995704650879,16.00888442993164,0.012973744422197342,-0.026195505633950233,-0.0006437583942897618,0.9995724558830261,4.273135662078857,-10.3143892288208,15.02010440826416,img_1770629929_891374826.png
4.523438453674316,-20.13053321838379,16.00908851623535,0.006665918976068497,-0.018218833953142166,-0.00030136617715470493,0.9998117685317993,4.280542373657227,-10.095083236694336,15.02049732208252,img_1770629929_991376876.png
4.486794471740723,-20.013887405395508,16.00933074951172,0.0024972488172352314,-0.014047634787857533,-0.00012892104859929532,0.9998981952667236,4.284815788269043,-9.963504791259766,15.020716667175293,img_1770629930_91320991.png
4.4609551429748535,-19.937034606933594,16.009523391723633,0.00043619272764772177,-0.012140072882175446,-5.628613507724367e-05,0.9999262094497681,4.286213397979736,-9.919645309448242,15.020787239074707,img_1770629930_191413879.png
4.420521259307861,-19.82265281677246,16.00984001159668,-0.0014816827606409788,-0.010384693741798401,2.3878385491116205e-06,0.9999449849128723,4.291677951812744,-9.74421501159668,15.0210542678833,img_1770629930_291422843.png
4.378392219543457,-19.70901870727539,16.010177612304688,-0.002246606396511197,-0.009581495076417923,2.1928726710029878e-05,0.9999516010284424,4.294334411621094,-9.656502723693848,15.021178245544434,img_1770629930_391541957.png
4.334753036499023,-19.59596061706543,16.010520935058594,-0.0023274340201169252,-0.009290522895753384,2.3415965188178234e-05,0.9999541640281677,4.299493312835693,-9.48108196258545,15.02140998840332,img_1770629930_491693973.png
4.289680480957031,-19.48344612121582,16.0108642578125,-0.0021788636222481728,-0.009158813394606113,2.05116539291339e-05,0.9999557137489319,4.301993370056152,-9.3933744430542,15.021515846252441,img_1770629930_591751813.png
4.243217945098877,-19.371496200561523,16.011205673217773,-0.002107861917465925,-0.008976808749139309,1.9369483197806403e-05,0.9999575018882751,4.305639266967773,-9.261816024780273,15.0216646194458,img_1770629930_691900014.png
4.195412635803223,-19.26011848449707,16.011539459228516,-0.0022400550078600645,-0.008675985969603062,2.1096233467687853e-05,0.9999598860740662,4.309156894683838,-9.130261421203613,15.021798133850098,img_1770629930_791885852.png
4.146334648132324,-19.149282455444336,16.01186180114746,-0.002556830644607544,-0.00828759465366602,2.449116982461419e-05,0.9999623894691467,4.312541961669922,-8.998710632324219,15.021917343139648,img_1770629930_891952991.png
4.0960693359375,-19.038925170898438,16.012174606323242,-0.0029633345548063517,-0.007888121530413628,2.7935906473430805e-05,0.9999645352363586,4.315792083740234,-8.86716365814209,15.022021293640137,img_1770629930_992019891.png
4.027351379394531,-18.89238739013672,16.0125732421875,-0.0034656445495784283,-0.007463631685823202,3.0785828130319715e-05,0.9999661445617676,4.3209028244018555,-8.647930145263672,15.022161483764648,img_1770629931_92077970.png
3.97463321685791,-18.7828369140625,16.012855529785156,-0.0037255845963954926,-0.0072771585546433926,3.127294621663168e-05,0.9999666213989258,4.323782444000244,-8.516395568847656,15.022224426269531,img_1770629931_192142009.png
3.9389538764953613,-18.709941864013672,16.01303482055664,-0.0038316380232572556,-0.007217292673885822,3.0979354050941765e-05,0.9999666213989258,4.324710369110107,-8.472552299499512,15.022241592407227,img_1770629931_292344808.png
3.8846545219421387,-18.60078239440918,16.013290405273438,-0.0039026241283863783,-0.0072061242535710335,3.0031522328499705e-05,0.9999664425849915,4.3282623291015625,-8.2971830368042,15.022292137145996,img_1770629931_392374992.png
3.8294284343719482,-18.491825103759766,16.01352882385254,-0.0038996608927845955,-0.007257670629769564,2.8962891519768164e-05,0.9999660849571228,4.330753803253174,-8.16566276550293,15.022310256958008,img_1770629931_492491006.png
3.7732746601104736,-18.383073806762695,16.013750076293945,-0.003861432196572423,-0.007337189745157957,2.8153872335678898e-05,0.9999656677246094,4.333093166351318,-8.034148216247559,15.022311210632324,img_1770629931_592517852.png
3.7161872386932373,-18.274532318115234,16.013954162597656,-0.003818006720393896,-0.007419483736157417,2.775205393845681e-05,0.9999651908874512,4.334566116333008,-7.946474552154541,15.022302627563477,img_1770629931_692649841.png
3.658159017562866,-18.166208267211914,16.014137268066406,-0.0037853270769119263,-0.0074922917410731316,2.771360414044466e-05,0.9999647736549377,4.337299346923828,-7.7711358070373535,15.022259712219238,img_1770629931_792598962.png
3.59918475151062,-18.058107376098633,16.014301300048828,-0.0037661271635442972,-0.0075546326115727425,2.789104291878175e-05,0.9999643564224243,4.33855676651001,-7.683470726013184,15.022225379943848,img_1770629931_892731904.png
3.519075393676758,-17.914323806762695,16.01448631286621,-0.0037508404348045588,-0.007632092107087374,2.8183474569232203e-05,0.9999638795852661,4.340302467346191,-7.551979064941406,15.0221586227417,img_1770629931_994177818.png
3.437272548675537,-17.77094841003418,16.014631271362305,-0.0037282605189830065,-0.007719944231212139,2.8301787097007036e-05,0.9999632835388184,4.3423614501953125,-7.376667022705078,15.022037506103516,img_1770629932_112197875.png
3.4165561199188232,-17.735166549682617,16.01466178894043,-0.003719498636201024,-0.007745170034468174,2.829098593792878e-05,0.999963104724884,4.3432722091674805,-7.289016246795654,15.021964073181152,img_1770629932_193409919.png
3.33262300491333,-17.592308044433594,16.014755249023438,-0.003668254939839244,-0.007861807011067867,2.8095082598156296e-05,0.9999623894691467,4.34519100189209,-7.069904804229736,15.021737098693848,img_1770629932_295799970.png
3.2900116443634033,-17.52103614807129,16.014785766601562,-0.0036327445413917303,-0.007929425686597824,2.79227715509478e-05,0.9999619722366333,4.345810413360596,-6.982266902923584,15.021629333496094,img_1770629932_395150899.png
3.2252795696258545,-17.414339065551758,16.01481056213379,-0.003568314015865326,-0.008041019551455975,2.7602462068898603e-05,0.9999613165855408,4.3465752601623535,-6.850817680358887,15.021448135375977,img_1770629932_493309020.png
3.1595592498779297,-17.30790138244629,16.014808654785156,-0.003492446383461356,-0.008162753656506538,2.7231591957388446e-05,0.9999606013298035,4.347137451171875,-6.719377517700195,15.02124309539795,img_1770629932_595813989.png
3.0477898120880127,-17.13111686706543,16.014741897583008,-0.0033447127789258957,-0.008383812382817268,2.6514037017477676e-05,0.9999592900276184,4.347395420074463,-6.631756782531738,15.021092414855957,img_1770629932_712169885.png
2.956319808959961,-16.99028778076172,16.01462745666504,-0.0032070439774543047,-0.008576711639761925,2.579867941676639e-05,0.9999580979347229,4.347622394561768,-6.456529140472412,15.020756721496582,img_1770629932_844774007.png
2.9331612586975098,-16.955167770385742,16.014591217041016,-0.0031694131903350353,-0.00862753763794899,2.5589468350517564e-05,0.9999577403068542,4.34752893447876,-6.325122356414795,15.020474433898926,img_1770629932_894016981.png
2.886490821838379,-16.885040283203125,16.01450538635254,-0.0030895646195858717,-0.008732863701879978,2.5123294108198024e-05,0.9999571442604065,4.347198963165283,-6.193727970123291,15.020162582397461,img_1770629932_993724822.png
2.8155887126922607,-16.780139923095703,16.01434898376465,-0.0029563559219241142,-0.008901509456336498,2.4277758711832576e-05,0.9999560117721558,4.346622943878174,-6.062347412109375,15.019822120666504,img_1770629933_93875885.png
2.743591070175171,-16.675609588623047,16.014156341552734,-0.002803411800414324,-0.009085560217499733,2.320958265045192e-05,0.9999548196792603,4.346096515655518,-5.974768161773682,15.019577980041504,img_1770629933_193969964.png
2.670473098754883,-16.571475982666016,16.013925552368164,-0.0026260088197886944,-0.009288284927606583,2.1857056708540767e-05,0.9999534487724304,4.3446855545043945,-5.799631595611572,15.01904582977295,img_1770629933_293876886.png
2.5962061882019043,-16.4677734375,16.013652801513672,-0.0024184640496969223,-0.009513416327536106,2.0142002540524118e-05,0.9999518394470215,4.343297958374023,-5.668299198150635,15.018607139587402,img_1770629933_394003868.png
2.5207581520080566,-16.364538192749023,16.013336181640625,-0.002173603279516101,-0.009765480645000935,1.7958334865397774e-05,0.9999499917030334,4.341610431671143,-5.536985874176025,15.018131256103516,img_1770629933_493661880.png
2.444091320037842,-16.261816024780273,16.012971878051758,-0.0018819000106304884,-0.010050282813608646,1.5155083929130342e-05,0.999947726726532,4.339605808258057,-5.405693531036377,15.017616271972656,img_1770629933_593747854.png
2.3661625385284424,-16.15966033935547,16.012554168701172,-0.0015302066458389163,-0.010375618934631348,1.1510612239362672e-05,0.9999450445175171,4.337264537811279,-5.274425029754639,15.017059326171875,img_1770629933_694314002.png
2.2869210243225098,-16.058134078979492,16.012081146240234,-0.0010998183861374855,-0.010752245783805847,6.69059181745979e-06,0.9999415874481201,4.3345627784729,-5.143182754516602,15.016456604003906,img_1770629933_794399976.png
2.2063064575195312,-15.957317352294922,16.011545181274414,-0.0005633726250380278,-0.011195361614227295,1.7489580272922467e-07,0.9999371767044067,4.331474304199219,-5.011970043182373,15.015806198120117,img_1770629933_893952846.png
2.124264717102051,-15.857295989990234,16.01093864440918,-0.0036263333167880774,-0.0067271883599460125,5.117801720189163e-07,0.9999707937240601,4.327967643737793,-4.880791187286377,15.015101432800293,img_1770629933_994047880.png
2.0418167114257812,-15.757367134094238,16.010326385498047,-0.017601067200303078,0.012780198827385902,-0.00044443694059737027,0.9997633099555969,4.324006080627441,-4.749650478363037,15.014338493347168,img_1770629934_94687938.png
1.9625484943389893,-15.654973030090332,16.009910583496094,-0.03364631533622742,0.03598441928625107,-0.0012948515359312296,0.9987849593162537,4.321089744567871,-4.662248134613037,15.0137939453125,img_1770629934_194901943.png
1.890846610069275,-15.54709243774414,16.009675979614258,-0.04504266753792763,0.053944677114486694,-0.0020923390984535217,0.9975253343582153,4.316263198852539,-4.531187057495117,15.012920379638672,img_1770629934_294937849.png
1.8301900625228882,-15.431535720825195,16.00938606262207,-0.0495179183781147,0.06381627172231674,-0.0026054803747683764,0.9967290163040161,4.308953285217285,-4.356520652770996,15.01193904876709,img_1770629934_394953012.png
1.782517671585083,-15.307567596435547,16.008872985839844,-0.04202009737491608,0.06726228445768356,-0.0020793273579329252,0.996847927570343,4.3029937744140625,-4.225559234619141,15.011506080627441,img_1770629934_495093822.png
1.7484456300735474,-15.176569938659668,16.008201599121094,-0.026642415672540665,0.06581279635429382,-0.0009603437501937151,0.997475802898407,4.296883583068848,-4.09459924697876,15.011281967163086,img_1770629934_595340967.png
1.7276124954223633,-15.041501998901367,16.007577896118164,-0.009293577633798122,0.06112075224518776,0.00014027701399754733,0.9980871677398682,4.290816783905029,-3.963616132736206,15.011212348937988,img_1770629934_695258855.png
1.7189967632293701,-14.905725479125977,16.00712776184082,0.005246921442449093,0.05447078123688698,0.0008941835258156061,0.998501181602478,4.284890174865723,-3.8325984477996826,15.011255264282227,img_1770629934_795393943.png
1.7211880683898926,-14.772075653076172,16.006855010986328,0.014503100886940956,0.04678216204047203,0.0012052204692736268,0.9987991452217102,4.279104232788086,-3.7015461921691895,15.01137924194336,img_1770629934_895481824.png
1.732581377029419,-14.64235782623291,16.006710052490234,0.018064117059111595,0.038775380700826645,0.0011603726306930184,0.9990839958190918,4.273390293121338,-3.5704684257507324,15.01156234741211,img_1770629934_995417833.png
1.7515262365341187,-14.517266273498535,16.006654739379883,0.017055494710803032,0.031118711456656456,0.0009179686894640326,0.999369740486145,4.267658710479736,-3.4393770694732666,15.011786460876465,img_1770629935_95461845.png
1.7764559984207153,-14.396599769592285,16.006681442260742,0.013326951302587986,0.02440059185028076,0.0006215383764356375,0.9996132254600525,4.261829376220703,-3.3082821369171143,15.012041091918945,img_1770629935_195791006.png
1.8059998750686646,-14.27961540222168,16.006786346435547,0.008729384280741215,0.019028443843126297,0.00036177938454784453,0.9997807741165161,4.255854606628418,-3.177189826965332,15.01231575012207,img_1770629935_295753002.png
1.8390589952468872,-14.165397644042969,16.0069580078125,0.004624899942427874,0.015149706043303013,0.00017654302064329386,0.9998745322227478,4.249719619750977,-3.0461018085479736,15.012603759765625,img_1770629935_395900964.png
1.874833345413208,-14.053117752075195,16.007179260253906,0.001703409245237708,0.01265101507306099,6.664570537395775e-05,0.999918520450592,4.243434906005859,-2.9150173664093018,15.012900352478027,img_1770629935_495972871.png
1.9127984046936035,-13.942178726196289,16.007431030273438,5.3268417104845867e-05,0.011231446638703346,1.3839377970725764e-05,0.9999369382858276,4.237022876739502,-2.783933162689209,15.013202667236328,img_1770629935_595909833.png
1.952646255493164,-13.832233428955078,16.0076961517334,-0.0006213885499164462,0.010513917542994022,-4.791734681930393e-06,0.9999445676803589,4.232688903808594,-2.696542501449585,15.013404846191406,img_1770629935_696028947.png
1.9942114353179932,-13.723127365112305,16.007966995239258,-0.0007553159957751632,0.010150729678571224,-8.063703717198223e-06,0.9999482035636902,4.223897933959961,-2.521756172180176,15.013811111450195,img_1770629935_796120882.png
2.037403106689453,-13.61481761932373,16.008237838745117,-0.0007333887042477727,0.009892109781503677,-7.530234597652452e-06,0.9999508261680603,4.2172040939331055,-2.3906612396240234,15.014114379882812,img_1770629935_896121025.png
2.0821542739868164,-13.507298469543457,16.00850486755371,-0.0007938672788441181,0.009607575833797455,-8.22447327664122e-06,0.9999535083770752,4.210421085357666,-2.2595620155334473,15.01441478729248,img_1770629935_996299028.png
2.1283962726593018,-13.400547981262207,16.008766174316406,-0.0010168212465941906,0.009268354624509811,-1.1018593795597553e-05,0.9999565482139587,4.2035417556762695,-2.128459930419922,15.0147123336792,img_1770629936_96455812.png
2.1760506629943848,-13.294519424438477,16.009017944335938,-0.0013671626802533865,0.008908606134355068,-1.4915730389475357e-05,0.999959409236908,4.196558475494385,-1.9973556995391846,15.015006065368652,img_1770629936_196472883.png
2.22503662109375,-13.189139366149902,16.009260177612305,-0.0017567970789968967,0.008583965711295605,-1.8581860786071047e-05,0.9999616146087646,4.189465522766113,-1.866249918937683,15.01529598236084,img_1770629936_296521902.png
2.2752790451049805,-13.08432674407959,16.009489059448242,-0.0020984639413654804,0.008340473286807537,-2.1102621758473106e-05,0.9999630451202393,4.182260513305664,-1.7351430654525757,15.015581130981445,img_1770629936_396606922.png
2.3267197608947754,-12.980010986328125,16.009706497192383,-0.0023373423609882593,0.008199239149689674,-2.218808549514506e-05,0.999963641166687,4.1749444007873535,-1.6040349006652832,15.015861511230469,img_1770629936_496994018.png
2.379319429397583,-12.876140594482422,16.009910583496094,-0.002459101378917694,0.008155531249940395,-2.205605778726749e-05,0.9999637603759766,4.167518615722656,-1.4729254245758057,15.016136169433594,img_1770629936_596694946.png
2.433058738708496,-12.772688865661621,16.010101318359375,-0.002481138799339533,0.008187036961317062,-2.1180991097935475e-05,0.9999634027481079,4.15998649597168,-1.3418142795562744,15.016406059265137,img_1770629936_696892976.png
2.4879324436187744,-12.669647216796875,16.010272979736328,-0.002436496550217271,0.008265201933681965,-2.004866473725997e-05,0.9999628663063049,4.154906749725342,-1.2544057369232178,15.016582489013672,img_1770629936_796928882.png
2.543945074081421,-12.56701946258545,16.01043128967285,-0.0023585595190525055,0.008364823646843433,-1.8998658561031334e-05,0.9999622702598572,4.144608497619629,-1.0795860290527344,15.016928672790527,img_1770629936_897179841.png
2.6011056900024414,-12.464818000793457,16.010570526123047,-0.002271215198561549,0.008469464257359505,-1.8174232536694035e-05,0.9999615550041199,4.13939094543457,-0.9921748042106628,15.017097473144531,img_1770629936_997161865.png
2.659423828125,-12.363057136535645,16.010690689086914,-0.0021855609957128763,0.008572449907660484,-1.7553564248373732e-05,0.9999608993530273,4.128817081451416,-0.8173497915267944,15.017428398132324,img_1770629937_97283840.png
2.718909740447998,-12.261750221252441,16.010793685913086,-0.002101709833368659,0.008674695156514645,-1.7019008737406693e-05,0.99996018409729,4.120765686035156,-0.6862288117408752,15.017669677734375,img_1770629937_197253942.png
2.7795722484588623,-12.160910606384277,16.010875701904297,-0.002013178076595068,0.0087811890989542,-1.6426973161287606e-05,0.999959409236908,4.112609386444092,-0.5551060438156128,15.017905235290527,img_1770629937_297365903.png
2.8414218425750732,-12.060552597045898,16.010936737060547,-0.0019114663591608405,0.008897670544683933,-1.565646380186081e-05,0.9999586343765259,4.104349136352539,-0.4239814877510071,15.018134117126465,img_1770629937_397493839.png
2.904470205307007,-11.960692405700684,16.010976791381836,-0.0017893117619678378,0.009028463624417782,-1.4629898032580968e-05,0.9999576210975647,4.09598445892334,-0.2928551435470581,15.018357276916504,img_1770629937_497403860.png
2.9687318801879883,-11.861351013183594,16.01099395751953,-0.001642082817852497,0.009175695478916168,-1.3310404938238207e-05,0.9999565482139587,4.0875163078308105,-0.16172702610492706,15.018574714660645,img_1770629937_597740888.png
3.034224510192871,-11.762552261352539,16.010986328125,-0.0014675715938210487,0.009339607320725918,-1.1684856872307137e-05,0.9999553561210632,4.081813335418701,-0.07430726289749146,15.018715858459473,img_1770629937_697765827.png
3.100968599319458,-11.664327621459961,16.010953903198242,-0.0012648387346416712,0.009519454091787338,-9.742508154886309e-06,0.9999539256095886,4.070270538330078,0.10053475201129913,15.018989562988281,img_1770629937_797821998.png
3.16898775100708,-11.566710472106934,16.010894775390625,-0.0010327922645956278,0.009714500047266483,-7.456299954355927e-06,0.9999523162841797,4.06149435043335,0.23166845738887787,15.019187927246094,img_1770629937_897342920.png
3.2383077144622803,-11.469743728637695,16.01080894470215,-0.0007689791964367032,0.009924754500389099,-4.769974566443125e-06,0.9999504685401917,4.052616119384766,0.3628040850162506,15.019379615783691,img_1770629937_997440814.png
3.308957815170288,-11.373472213745117,16.010692596435547,-0.00046878447756171227,0.010151354596018791,-1.5904419115031487e-06,0.9999483823776245,4.043636322021484,0.49394160509109497,15.019564628601074,img_1770629938_97956895.png
3.380970001220703,-11.277949333190918,16.01054573059082,-0.00012497638817876577,0.01039661094546318,2.217609107901808e-06,0.9999459981918335,4.034555435180664,0.6250810623168945,15.019742965698242,img_1770629938_197964906.png
3.4543793201446533,-11.183237075805664,16.010364532470703,0.0002726176753640175,0.010663891211152077,6.839011348347412e-06,0.9999431371688843,4.025373458862305,0.7562224268913269,15.019914627075195,img_1770629938_298084020.png
3.5292251110076904,-11.08940601348877,16.010147094726562,0.0007375918794423342,0.010957478545606136,1.2521897588158026e-05,0.9999397397041321,4.019196033477783,0.8436510562896729,15.020025253295898,img_1770629938_398327827.png
3.605551242828369,-10.996539115905762,16.009891510009766,0.0012878987472504377,0.011282525025308132,1.9603001419454813e-05,0.999935507774353,4.009846210479736,0.9747956395149231,15.020185470581055,img_1770629938_498312950.png
3.6834075450897217,-10.904736518859863,16.00959587097168,0.0019475624430924654,0.011645170859992504,2.8551203286042437e-05,0.9999303221702576,3.997224807739258,1.1496580839157104,15.02038860321045,img_1770629938_598486900.png
3.816725969314575,-10.754433631896973,16.00899887084961,0.003385696094483137,0.012353920377790928,4.958601130056195e-05,0.9999179840087891,3.987642288208008,1.2808072566986084,15.020532608032227,img_1770629938_716722965.png
3.843945264816284,-10.724828720092773,16.008861541748047,0.0031093377619981766,0.011813518591225147,4.5043070713290945e-05,0.999925434589386,3.9779608249664307,1.4119583368301392,15.020669937133789,img_1770629938_798504829.png
3.926313877105713,-10.63664436340332,16.008420944213867,-0.010184242390096188,-0.003905016463249922,0.0002937041281256825,0.9999404549598694,3.9681808948516846,1.5431114435195923,15.02079963684082,img_1770629938_898527860.png
4.007225036621094,-10.547273635864258,16.00811004638672,-0.028908466920256615,-0.02621382661163807,0.0011021095560863614,0.9992376565933228,3.9583024978637695,1.6742665767669678,15.020922660827637,img_1770629938_998785018.png
4.082459926605225,-10.4531888961792,16.008033752441406,-0.044644176959991455,-0.045859720557928085,0.0019976452458649874,0.9979478120803833,3.9483261108398438,1.8054237365722656,15.021037101745605,img_1770629939_98743915.png
4.148240566253662,-10.351380348205566,16.00798988342285,-0.05318716540932655,-0.057958442717790604,0.002649582689628005,0.9968976974487305,3.9382524490356445,1.9365830421447754,15.02114486694336,img_1770629939_198951959.png
4.217370986938477,-10.200971603393555,16.00762176513672,-0.05407162383198738,-0.06262501329183578,0.0029963606502860785,0.9965668320655823,3.9246702194213867,2.1114652156829834,15.021276473999023,img_1770629939_298592805.png
4.2434563636779785,-10.119362831115723,16.007286071777344,-0.049210213124752045,-0.06208661571145058,0.0027517047710716724,0.9968531131744385,3.9178147315979004,2.1989076137542725,15.021337509155273,img_1770629939_398636817.png
4.278961658477783,-9.945595741271973,16.006467819213867,-0.027291567996144295,-0.05899561196565628,0.00107772636692971,0.9978845119476318,3.9074513912200928,2.330073118209839,15.021421432495117,img_1770629939_499125957.png
4.2887187004089355,-9.855351448059082,16.006114959716797,-0.014594662003219128,-0.056712642312049866,0.00021249476412776858,0.998283863067627,3.8969924449920654,2.461240768432617,15.021498680114746,img_1770629939_599138975.png
4.294007301330566,-9.718862533569336,16.005756378173828,0.0018899078713729978,-0.05232696607708931,-0.0007196828373707831,0.9986279606819153,3.8864383697509766,2.5924105644226074,15.021566390991211,img_1770629939_699256896.png
4.28896427154541,-9.583836555480957,16.005573272705078,0.01267401035875082,-0.04664773494005203,-0.001126822317019105,0.9988303780555725,3.8757898807525635,2.7235822677612305,15.021627426147461,img_1770629939_799372911.png
4.274801254272461,-9.452386856079102,16.005491256713867,0.01706480048596859,-0.03980138897895813,-0.0011215066770091653,0.9990612268447876,3.865046977996826,2.8547563552856445,15.021678924560547,img_1770629939_899691820.png
4.252935886383057,-9.325380325317383,16.005462646484375,0.01625051163136959,-0.032366786152124405,-0.0008917568484321237,0.9993435740470886,3.85421085357666,2.9859328269958496,15.021722793579102,img_1770629939_999677896.png
4.224882125854492,-9.202662467956543,16.00548553466797,0.012301448732614517,-0.025189245119690895,-0.0005976736429147422,0.9996068477630615,3.8432812690734863,3.1171112060546875,15.021758079528809,img_1770629940_99655866.png
4.192092418670654,-9.083457946777344,16.005571365356445,0.007330112159252167,-0.019067319110035896,-0.00033662430359981954,0.9997912645339966,3.8322594165802,3.2482919692993164,15.021783828735352,img_1770629940_199751853.png
4.1558074951171875,-8.96678352355957,16.005718231201172,0.00290569756180048,-0.014494068920612335,-0.00015003475709818304,0.9998907446861267,3.821145534515381,3.3794751167297363,15.021801948547363,img_1770629940_299840927.png
4.116960525512695,-8.851753234863281,16.005908966064453,-0.0001710319920675829,-0.011559119448065758,-4.1016683098860085e-05,0.9999331831932068,3.8099405765533447,3.5106606483459473,15.021809577941895,img_1770629940_399807929.png
4.076162338256836,-8.73774242401123,16.00612449645996,-0.001797172473743558,-0.010006791912019253,8.31618035590509e-06,0.9999483227729797,3.802419900894165,3.598118782043457,15.021810531616211,img_1770629940_499903917.png
4.03374719619751,-8.624408721923828,16.006351470947266,-0.0023196409456431866,-0.009389909915626049,2.2250564143178053e-05,0.9999532699584961,3.7872586250305176,3.773038387298584,15.021799087524414,img_1770629940_599989891.png
3.989863395690918,-8.51163101196289,16.006582260131836,-0.002249582903459668,-0.009240290150046349,2.1345065761124715e-05,0.9999548196792603,3.7757833003997803,3.904231071472168,15.021780014038086,img_1770629940_700186967.png
3.9445600509643555,-8.399407386779785,16.006811141967773,-0.0020400292705744505,-0.009194934740662575,1.811477886803914e-05,0.9999556541442871,3.764219045639038,4.035426139831543,15.021750450134277,img_1770629940_800444841.png
3.897861957550049,-8.287771224975586,16.007034301757812,-0.0019705919548869133,-0.009051448665559292,1.757768950483296e-05,0.9999570846557617,3.7525668144226074,4.166623592376709,15.021712303161621,img_1770629940_900434017.png
3.849809169769287,-8.176728248596191,16.007253646850586,-0.0021325573325157166,-0.008758479729294777,2.0062137991772033e-05,0.999959409236908,3.7408270835876465,4.297823429107666,15.021662712097168,img_1770629941_375986.png
3.8004696369171143,-8.066246032714844,16.007463455200195,-0.002479257993400097,-0.008366022258996964,2.3988601242308505e-05,0.9999619722366333,3.7290008068084717,4.429026126861572,15.02160358428955,img_1770629941_100457906.png
3.7499289512634277,-7.956253528594971,16.007665634155273,-0.0029000439681112766,-0.00796465203166008,2.7646132366498932e-05,0.9999641180038452,3.7170886993408203,4.5602312088012695,15.021533966064453,img_1770629941_200564861.png
3.680823564529419,-7.810214519500732,16.00792121887207,-0.0033918600529432297,-0.007551929447799921,3.0399827664950863e-05,0.9999657273292542,3.7010738849639893,4.735175609588623,15.021424293518066,img_1770629941_300501823.png
3.6277973651885986,-7.701051712036133,16.008100509643555,-0.0036284581292420626,-0.007384478580206633,3.068359728786163e-05,0.9999661445617676,3.68896484375,4.866386890411377,15.021329879760742,img_1770629941_400712966.png
3.5737950801849365,-7.592146873474121,16.008270263671875,-0.003740910207852721,-0.007334872614592314,2.9919512599008158e-05,0.9999660849571228,3.6767725944519043,4.99760103225708,15.021224021911621,img_1770629941_500727891.png
3.518836498260498,-7.483475685119629,16.008426666259766,-0.0037569135893136263,-0.007371640298515558,2.8736027161357924e-05,0.9999657869338989,3.6644983291625977,5.128818035125732,15.021105766296387,img_1770629941_600929975.png
3.4629247188568115,-7.375032424926758,16.008573532104492,-0.003717460436746478,-0.007455579470843077,2.7654350560624152e-05,0.9999653100967407,3.6521430015563965,5.260037899017334,15.020977020263672,img_1770629941_700968027.png
3.406052827835083,-7.2668232917785645,16.00870704650879,-0.0036598071455955505,-0.007553441915661097,2.6956904548569582e-05,0.9999647736549377,3.6397078037261963,5.391260623931885,15.020835876464844,img_1770629941_801103830.png
3.3675999641418457,-7.194818496704102,16.008787155151367,-0.0036237251479178667,-0.007615871727466583,2.673424569366034e-05,0.9999644756317139,3.631373643875122,5.478744029998779,15.020734786987305,img_1770629941_900986909.png
3.3091070652008057,-7.087020397186279,16.00889778137207,-0.003581285011023283,-0.007699076551944017,2.668833258212544e-05,0.9999639987945557,3.623004674911499,5.566228866577148,15.020627975463867,img_1770629942_1122951.png
3.249630928039551,-6.9794793128967285,16.008995056152344,-0.003552220528945327,-0.007771346252411604,2.6831950890482403e-05,0.9999635219573975,3.606163740158081,5.741202354431152,15.020397186279297,img_1770629942_101209878.png
3.1891672611236572,-6.872200012207031,16.009077072143555,-0.003528862725943327,-0.007840179838240147,2.6989460820914246e-05,0.9999630451202393,3.5976924896240234,5.828691482543945,15.020273208618164,img_1770629942_201246023.png
3.127711534500122,-6.765185832977295,16.00914192199707,-0.0035012622829526663,-0.007914566434919834,2.7034659069613554e-05,0.999962568283081,3.580650568008423,6.003673553466797,15.020007133483887,img_1770629942_301435947.png
3.065258741378784,-6.658441543579102,16.009193420410156,-0.0034613050520420074,-0.00800144299864769,2.6908488507615402e-05,0.9999620318412781,3.5677835941314697,6.134914398193359,15.019791603088379,img_1770629942_401702880.png
3.0018014907836914,-6.55197286605835,16.009227752685547,-0.0034045507200062275,-0.008104230277240276,2.660855170688592e-05,0.9999613761901855,3.554844856262207,6.266158103942871,15.019561767578125,img_1770629942_501673936.png
2.9373295307159424,-6.4457902908325195,16.00924301147461,-0.003330089384689927,-0.008223121985793114,2.6164258088101633e-05,0.9999606609344482,3.5418360233306885,6.397406101226807,15.019315719604492,img_1770629942_601752996.png
2.8718295097351074,-6.339906215667725,16.009241104125977,-0.0032392076682299376,-0.008356376551091671,2.5610394004615955e-05,0.9999598264694214,3.533125400543213,6.484906196594238,15.019144058227539,img_1770629942_701763868.png
2.8052854537963867,-6.234337329864502,16.009220123291016,-0.0031337332911789417,-0.00850183330476284,2.4967606805148534e-05,0.9999589323997498,3.5156147480010986,6.659912109375,15.018778800964355,img_1770629942_801841020.png
2.7376794815063477,-6.1291022300720215,16.009180068969727,-0.0030146848876029253,-0.008658104576170444,2.4232846044469625e-05,0.9999579787254333,3.502405881881714,6.791170597076416,15.018486022949219,img_1770629942_901922941.png
2.645850896835327,-5.989344596862793,16.009092330932617,-0.002833619713783264,-0.008883509784936905,2.3059046725393273e-05,0.9999565482139587,3.484696865081787,6.966188907623291,15.018068313598633,img_1770629943_2099037.png
2.5756850242614746,-5.884975910186768,16.009000778198242,-0.0026776769664138556,-0.009067559614777565,2.1966307031107135e-05,0.9999553561210632,3.475802421569824,7.0537004470825195,15.017848014831543,img_1770629943_102281808.png
2.5043821334838867,-5.781023025512695,16.00888442993164,-0.0024996341671794653,-0.00926778744906187,2.0614766981452703e-05,0.9999539256095886,3.462412118911743,7.184971809387207,15.017500877380371,img_1770629943_202569961.png
2.4319143295288086,-5.677517890930176,16.00874137878418,-0.002293617697432637,-0.00948814582079649,1.891819374577608e-05,0.9999523758888245,3.4444727897644043,7.360006809234619,15.017008781433105,img_1770629943_302464008.png
2.3582499027252197,-5.574498176574707,16.00857162475586,-0.0020522973500192165,-0.009733328595757484,1.676866850175429e-05,0.9999505281448364,3.430957555770874,7.491289138793945,15.016615867614746,img_1770629943_402403831.png
2.283352851867676,-5.472007751464844,16.008373260498047,-0.0017664446495473385,-0.010008933953940868,1.4023801668372471e-05,0.9999483823776245,3.417393922805786,7.622575759887695,15.01620101928711,img_1770629943_502378940.png
2.207181692123413,-5.37009859085083,16.008140563964844,-0.001423994661308825,-0.010321912355720997,1.0484794074727688e-05,0.9999457597732544,3.4037857055664062,7.753868103027344,15.015763282775879,img_1770629943_602471828.png
2.1556694507598877,-5.302512168884277,16.007966995239258,-0.0011563588632270694,-0.010555699467658997,7.546011147496756e-06,0.9999436736106873,3.399240255355835,7.797633171081543,15.015612602233887,img_1770629943_702562808.png
2.0772626399993896,-5.201716899871826,16.00767707824707,-0.0006796366069465876,-0.010952764190733433,1.9661692931549624e-06,0.9999397993087769,3.381016492843628,7.972700595855713,15.01498031616211,img_1770629943_802728891.png
1.9974322319030762,-5.101702690124512,16.007343292236328,-8.486654405714944e-05,-0.011419732123613358,-5.567565040109912e-06,0.9999347925186157,3.367309331893921,8.104007720947266,15.01447582244873,img_1770629943_902891874.png
1.9162415266036987,-5.002481460571289,16.0069637298584,-0.006626942660659552,-0.0013209765311330557,-8.319928019773215e-05,0.999977171421051,3.3581557273864746,8.191549301147461,15.014123916625977,img_1770629944_3003835.png
1.8356419801712036,-4.902795791625977,16.006643295288086,-0.021622801199555397,0.02172834426164627,-0.0007085143006406724,0.9995297789573669,3.3398187160491943,8.366641998291016,15.013379096984863,img_1770629944_103075981.png
1.7364625930786133,-4.764402389526367,16.00655174255371,-0.0392729789018631,0.05059360712766647,-0.001814160612411797,0.9979451894760132,3.3214569091796875,8.541747093200684,15.012577056884766,img_1770629944_203054904.png
1.6736724376678467,-4.653223991394043,16.006546020507812,-0.04585792496800423,0.06344254314899445,-0.002421257784590125,0.9969283938407898,3.3076815605163574,8.673086166381836,15.011932373046875,img_1770629944_303056955.png
1.6237515211105347,-4.534192085266113,16.006351470947266,-0.046415574848651886,0.06818202137947083,-0.0026971548795700073,0.996588945388794,3.29850172996521,8.760649681091309,15.011480331420898,img_1770629944_403206825.png
1.5876213312149048,-4.407354354858398,16.00591278076172,-0.0360892079770565,0.06759855896234512,-0.001928278710693121,0.9970577955245972,3.280168056488037,8.935790061950684,15.010518074035645,img_1770629944_503211021.png
1.5650919675827026,-4.27463960647583,16.005359649658203,-0.019140908494591713,0.06367383152246475,-0.000632012146525085,0.9977869987487793,3.266458749771118,9.067156791687012,15.009739875793457,img_1770629944_603546857.png
1.5552974939346313,-4.139308452606201,16.00489616394043,-0.001690034056082368,0.0578649677336216,0.000501836824696511,0.9983229041099548,3.2573723793029785,9.154744148254395,15.009251594543457,img_1770629944_703462839.png
1.5569864511489868,-4.004739284515381,16.004602432250977,0.011736680753529072,0.050987083464860916,0.001175287296064198,0.9986296892166138,3.2441327571868896,9.286162376403809,15.008697509765625,img_1770629944_803539037.png
1.5687023401260376,-3.873544454574585,16.004440307617188,0.019188832491636276,0.04352903738617897,0.0013650946784764528,0.9988669157028198,3.2281863689422607,9.461505889892578,15.008265495300293,img_1770629944_903708934.png
1.588891625404358,-3.7471742630004883,16.004348754882812,0.020828284323215485,0.03594794124364853,0.0012167772511020303,0.9991358518600464,3.221259117126465,9.549239158630371,15.008147239685059,img_1770629945_3629922.png
1.6159954071044922,-3.6259450912475586,16.00430679321289,0.018226247280836105,0.02878558449447155,0.0009120441973209381,0.9994190335273743,3.2096381187438965,9.724801063537598,15.008045196533203,img_1770629945_103660821.png
1.6485519409179688,-3.509340524673462,16.004318237304688,0.013459757901728153,0.022575853392481804,0.0005907680606469512,0.9996543526649475,3.2025797367095947,9.856522560119629,15.008055686950684,img_1770629945_203761816.png
1.6726502180099487,-3.4337117671966553,16.004358291625977,0.010023823007941246,0.019160820171236992,0.00040774978697299957,0.9997661113739014,3.19842791557312,9.944343566894531,15.008094787597656,img_1770629945_304240942.png
1.7116137742996216,-3.322666645050049,16.004465103149414,0.005484640598297119,0.015247405506670475,0.0002033711934927851,0.9998687505722046,3.192692756652832,10.076066970825195,15.008190155029297,img_1770629945_404095888.png
1.7532622814178467,-3.2136998176574707,16.00461196899414,0.002279830863699317,0.012712597846984863,8.136640099110082e-05,0.9999166131019592,3.1890335083007812,10.163873672485352,15.008273124694824,img_1770629945_504225969.png
1.797065019607544,-3.106156587600708,16.004783630371094,0.0004897398175671697,0.011286061257123947,2.2179998268256895e-05,0.9999362230300903,3.181781053543091,10.339459419250488,15.008469581604004,img_1770629945_604364871.png
1.8427131175994873,-2.999659538269043,16.004966735839844,-0.0002219654998043552,0.01059657707810402,9.672196483734297e-07,0.9999438524246216,3.1762876510620117,10.471131324768066,15.008636474609375,img_1770629945_704299926.png
1.9061840772628784,-2.859030246734619,16.005216598510742,-0.0003260863304603845,0.010216563008725643,-2.8995621050853515e-06,0.9999477863311768,3.168926954269409,10.646684646606445,15.00887393951416,img_1770629945_804400920.png
1.9556446075439453,-2.7545413970947266,16.005401611328125,-0.0002912399941124022,0.010016595013439655,-2.5718859433254693e-06,0.9999498128890991,3.16347336769104,10.778347969055176,15.00905990600586,img_1770629945_904528856.png
2.006636142730713,-2.650890827178955,16.005582809448242,-0.0004022095527034253,0.009760632179677486,-4.344646185927559e-06,0.9999523162841797,3.159907102584839,10.866124153137207,15.009184837341309,img_1770629946_4575967.png
2.059096097946167,-2.5480494499206543,16.00575828552246,-0.0006975594442337751,0.00943990983068943,-8.310636076203082e-06,0.9999552369117737,3.154689073562622,10.997790336608887,15.00937557220459,img_1770629946_104612827.png
2.112950563430786,-2.4459547996520996,16.00592803955078,-0.0011101068230345845,0.009100591763854027,-1.3081993529340252e-05,0.9999579787254333,3.147976875305176,11.173346519470215,15.00963020324707,img_1770629946_204704999.png
2.168121814727783,-2.34452223777771,16.00609016418457,-0.0015354979550465941,0.008802193216979504,-1.7215181287610903e-05,0.9999600648880005,3.1430933475494385,11.305013656616211,15.009820938110352,img_1770629946_304747819.png
2.2245407104492188,-2.243664503097534,16.006242752075195,-0.0018849073676392436,0.008588763885200024,-1.9854183847201057e-05,0.9999613165855408,3.1382975578308105,11.436678886413574,15.010010719299316,img_1770629946_405270814.png
2.282154083251953,-2.1433091163635254,16.006389617919922,-0.002111337846145034,0.008476768620312214,-2.0841949663008563e-05,0.9999618530273438,3.133557081222534,11.568343162536621,15.010198593139648,img_1770629946_504947900.png
2.321209669113159,-2.0766594409942627,16.006481170654297,-0.0021909093484282494,0.008454687893390656,-2.074614712910261e-05,0.9999618530273438,3.1319851875305176,11.612231254577637,15.010261535644531,img_1770629946_604959964.png
2.4008495807647705,-1.943935751914978,16.00665283203125,-0.002212419407442212,0.008504523895680904,-1.9500439520925283e-05,0.9999614357948303,3.1241745948791504,11.83166790008545,15.010568618774414,img_1770629946_705060005.png
2.461914300918579,-1.844889760017395,16.00676727294922,-0.002152728382498026,0.00859049428254366,-1.8273232853971422e-05,0.9999607801437378,3.1195290088653564,11.963329315185547,15.010748863220215,img_1770629946_805099010.png
2.5241289138793945,-1.7462775707244873,16.006872177124023,-0.002067338675260544,0.008691199123859406,-1.7190286598633975e-05,0.9999601244926453,3.114922523498535,12.094989776611328,15.010927200317383,img_1770629946_905196905.png
2.5875022411346436,-1.6481127738952637,16.00696563720703,-0.0019786348566412926,0.00879252701997757,-1.6368159776902758e-05,0.999959409236908,3.11187744140625,12.182764053344727,15.0110445022583,img_1770629947_5511999.png
2.630399227142334,-1.5829250812530518,16.007020950317383,-0.0019222215050831437,0.008857909590005875,-1.594241439306643e-05,0.9999589323997498,3.1088552474975586,12.270537376403809,15.011159896850586,img_1770629947_105499982.png
2.695723533630371,-1.4855369329452515,16.00709342956543,-0.0018406437011435628,0.008953982032835484,-1.538543619972188e-05,0.9999582171440125,3.1028833389282227,12.446084022521973,15.011387825012207,img_1770629947_205569982.png
2.7846615314483643,-1.356440782546997,16.007171630859375,-0.001725369249470532,0.009086686186492443,-1.4546827515005134e-05,0.999957263469696,3.0984673500061035,12.577742576599121,15.011554718017578,img_1770629947_305589914.png
2.852755308151245,-1.260202407836914,16.007211685180664,-0.0016219838289543986,0.009197118692100048,-1.3677411516255233e-05,0.9999564290046692,3.0941030979156494,12.70940113067627,15.011717796325684,img_1770629947_405581951.png
2.9220523834228516,-1.1644829511642456,16.007240295410156,-0.0014959292020648718,0.009321307763457298,-1.2517762115749065e-05,0.999955415725708,3.089787483215332,12.841059684753418,15.01187801361084,img_1770629947_507092952.png
2.992565393447876,-1.0693035125732422,16.007251739501953,-0.0013432102277874947,0.009460723027586937,-1.1040518074878491e-05,0.999954342842102,3.0841057300567627,13.016602516174316,15.012086868286133,img_1770629947_605746030.png
3.064310312271118,-0.9746899604797363,16.007247924804688,-0.001162346568889916,0.009615043178200722,-9.241110092261806e-06,0.9999530911445618,3.07989764213562,13.148259162902832,15.012239456176758,img_1770629947_706003904.png
3.137305498123169,-0.8806737065315247,16.007226943969727,-0.0009529305389150977,0.009783151559531689,-7.113937499525491e-06,0.9999517202377319,3.075735092163086,13.279915809631348,15.012388229370117,img_1770629947_806077003.png
3.2115719318389893,-0.7872912287712097,16.007190704345703,-0.0007140855886973441,0.00996409635990858,-4.633132448361721e-06,0.999950110912323,3.0716195106506348,13.411571502685547,15.012534141540527,img_1770629947_906109809.png
3.287132740020752,-0.6945845484733582,16.00713348388672,-0.0004432796558830887,0.010157746262848377,-1.7405254766345024e-06,0.9999483227729797,3.067552089691162,13.54322624206543,15.012676239013672,img_1770629948_6307840.png
3.364013671875,-0.6026015281677246,16.00705909729004,-0.0001356217107968405,0.010365045629441738,1.6604435586486943e-06,0.9999462962150574,3.0635340213775635,13.674880981445312,15.01281452178955,img_1770629948_106211900.png
3.442242383956909,-0.5113967657089233,16.006961822509766,0.00021647695393767208,0.010587967932224274,5.708486241928767e-06,0.9999439120292664,3.059565782546997,13.806534767150879,15.01294994354248,img_1770629948_206368923.png
3.521850109100342,-0.42103293538093567,16.00684356689453,0.0006235393229871988,0.010829322971403599,1.0590381862130016e-05,0.9999411702156067,3.05694842338562,13.894304275512695,15.01303768157959,img_1770629948_306352853.png
3.602870464324951,-0.3315829336643219,16.006702423095703,0.0010994605254381895,0.011092555709183216,1.6553574823774397e-05,0.999937891960144,3.051781177520752,14.069841384887695,15.013208389282227,img_1770629948_406474828.png
3.6853415966033936,-0.24313224852085114,16.00653648376465,0.0016624436248093843,0.011381643824279308,2.3930124370963313e-05,0.9999338984489441,3.0479650497436523,14.201493263244629,15.01333236694336,img_1770629948_506681919.png
3.769306182861328,-0.1557825803756714,16.0063419342041,0.002336735837161541,0.011701109819114208,3.317795562907122e-05,0.9999288320541382,3.0442001819610596,14.333145141601562,15.013452529907227,img_1770629948_606742858.png
3.8548128604888916,-0.06965623050928116,16.006118774414062,0.003155567217618227,0.012056132778525352,4.49489125458058e-05,0.9999223351478577,3.0417189598083496,14.420912742614746,15.013530731201172,img_1770629948_706835985.png
3.941915988922119,0.015097590163350105,16.005861282348633,0.003591913031414151,0.011714591644704342,5.038059316575527e-05,0.9999249577522278,3.03682541847229,14.59644603729248,15.01368236541748,img_1770629948_806797981.png
4.030200958251953,0.09866315126419067,16.00556182861328,-0.008334868587553501,-0.004944733809679747,0.00030441739363595843,0.999953031539917,3.033216714859009,14.728096008300781,15.01379108428955,img_1770629948_906903982.png
4.11677360534668,0.18309339880943298,16.005382537841797,-0.025091245770454407,-0.02855394408106804,0.0010862918570637703,0.9992766976356506,3.029660940170288,14.859745025634766,15.013895988464355,img_1770629949_7149934.png
4.197174549102783,0.271547794342041,16.005428314208984,-0.03899962082505226,-0.04935344308614731,0.0019194429041817784,0.9980178475379944,3.0261590480804443,14.991393089294434,15.013997077941895,img_1770629949_107065916.png
4.267413139343262,0.36668911576271057,16.00550651550293,-0.04625589773058891,-0.062199078500270844,0.002488659229129553,0.9969882369041443,3.0227115154266357,15.123041152954102,15.014094352722168,img_1770629949_207146883.png
4.324985504150391,0.46993207931518555,16.005390167236328,-0.04707401990890503,-0.06701486557722092,0.002720027696341276,0.9966371655464172,3.0193188190460205,15.254688262939453,15.01418685913086,img_1770629949_307128906.png
4.368952751159668,0.5814353823661804,16.005046844482422,-0.04356972128152847,-0.06642378866672516,0.0026293888222426176,0.9968363046646118,3.015981674194336,15.386334419250488,15.014276504516602,img_1770629949_407436847.png
4.399460792541504,0.7004960775375366,16.004579544067383,-0.03833543881773949,-0.06376463919878006,0.0023263737093657255,0.9972257018089294,3.0127007961273193,15.517979621887207,15.014361381530762,img_1770629949_507448911.png
4.417108058929443,0.8260349035263062,16.004098892211914,-0.030848657712340355,-0.061053283512592316,0.0017795874737203121,0.9976561069488525,3.0094761848449707,15.649624824523926,15.014442443847656,img_1770629949_608031988.png
4.422587871551514,0.9564040899276733,16.003618240356445,-0.014948403462767601,-0.05709000304341316,0.0005148028722032905,0.998257040977478,3.0063090324401855,15.781268119812012,15.014518737792969,img_1770629949_707603931.png
4.416793346405029,1.0885788202285767,16.00324249267578,0.002889083931222558,-0.05200064182281494,-0.0006481720483861864,0.9986426830291748,3.004229784011841,15.869030952453613,15.014567375183105,img_1770629949_807614803.png
4.40720272064209,1.1759897470474243,16.003084182739258,0.012800883501768112,-0.048102401196956635,-0.001161005231551826,0.9987596869468689,3.001159429550171,16.000673294067383,15.014636993408203,img_1770629949_907676935.png
4.375946521759033,1.3454135656356812,16.002920150756836,0.02410176955163479,-0.039387840777635574,-0.001487573841586709,0.9989321827888489,2.998147964477539,16.132314682006836,15.014702796936035,img_1770629950_7817029.png
4.343532562255859,1.465967059135437,16.002849578857422,0.024996638298034668,-0.03254344314336777,-0.0013003437779843807,0.9991568922996521,2.99422550201416,16.307836532592773,15.014782905578613,img_1770629950_107846975.png
4.304981708526611,1.580631971359253,16.0028018951416,0.02130921743810177,-0.02609172835946083,-0.00095981708727777,0.9994319677352905,2.99135422706604,16.439476013183594,15.014837265014648,img_1770629950_207960844.png
4.261605739593506,1.69013512134552,16.002790451049805,0.015492580831050873,-0.020605191588401794,-0.0006128463428467512,0.9996674656867981,2.989474058151245,16.52723503112793,15.014871597290039,img_1770629950_308064937.png
4.214521408081055,1.795628309249878,16.002832412719727,0.009687280282378197,-0.0164444949477911,-0.00033801989047788084,0.9998177886009216,2.9857959747314453,16.7027530670166,15.014934539794922,img_1770629950_408135890.png
4.164580821990967,1.898271083831787,16.00292205810547,0.0052241189405322075,-0.013679699040949345,-0.00015864308807067573,0.9998927712440491,2.9831106662750244,16.83439064025879,15.014975547790527,img_1770629950_491410970.png
4.129994869232178,1.9655767679214478,16.003000259399414,0.0032460058573633432,-0.012525934725999832,-8.730549598112702e-05,0.9999163150787354,2.981355667114258,16.922147750854492,15.015000343322754,img_1770629950_591519832.png
4.076452255249023,2.06530499458313,16.00313377380371,0.0016668597236275673,-0.011582376435399055,-3.364756776136346e-05,0.9999315142631531,2.9796290397644043,17.009904861450195,15.015023231506348,img_1770629950_691668033.png
4.02108907699585,2.1638355255126953,16.003276824951172,0.0012920943554490805,-0.011241380125284195,-1.883326331153512e-05,0.9999359846115112,2.976262092590332,17.18541717529297,15.01506233215332,img_1770629950_791965007.png
3.9445862770080566,2.293499231338501,16.003469467163086,0.0016174541087821126,-0.011147593148052692,-2.1358269805205055e-05,0.999936580657959,2.973813056945801,17.31705093383789,15.01508617401123,img_1770629950_891741037.png
3.885237455368042,2.389427661895752,16.003610610961914,0.0018742770189419389,-0.011071874760091305,-2.4014399969018996e-05,0.9999369382858276,2.970651388168335,17.4925594329834,15.015110969543457,img_1770629950_991772890.png
3.8447482585906982,2.452728748321533,16.00370216369629,0.0019156942144036293,-0.010969036258757114,-2.360533835599199e-05,0.9999380111694336,2.9691154956817627,17.58031463623047,15.015119552612305,img_1770629951_91929912.png
3.782661199569702,2.5467007160186768,16.00383186340332,0.0017573405057191849,-0.010741478763520718,-1.984703885682393e-05,0.9999407529830933,2.9676098823547363,17.668067932128906,15.01512622833252,img_1770629951_191877841.png
3.7190022468566895,2.6395351886749268,16.00395393371582,0.0014137945836409926,-0.010474811308085918,-1.408487787557533e-05,0.9999441504478455,2.964690685272217,17.84357261657715,15.015132904052734,img_1770629951_292027950.png
3.6538352966308594,2.7313060760498047,16.00406837463379,0.001022928161546588,-0.010235137306153774,-8.563874871470034e-06,0.9999470710754395,2.96258282661438,17.975200653076172,15.015130996704102,img_1770629951_392187833.png
3.587219476699829,2.822096586227417,16.004173278808594,0.0007104210089892149,-0.01007295772433281,-4.896425252809422e-06,0.999949038028717,2.9605460166931152,18.106828689575195,15.015124320983887,img_1770629951_492304801.png
3.5191993713378906,2.911975145339966,16.004268646240234,0.0005512911011464894,-0.010009894147515297,-3.738244231499266e-06,0.9999497532844543,2.9585812091827393,18.238452911376953,15.01511287689209,img_1770629951_592342853.png
3.4498002529144287,3.000980854034424,16.00435447692871,0.0005634293775074184,-0.010040173307061195,-4.9221616791328415e-06,0.9999494552612305,2.9566895961761475,18.37007713317871,15.015094757080078,img_1770629951_692390918.png
3.3790292739868164,3.0891199111938477,16.004426956176758,0.0007226420566439629,-0.010140728205442429,-7.817247023922391e-06,0.9999483227729797,2.954871892929077,18.501699447631836,15.015071868896484,img_1770629951_792491912.png
3.2580068111419678,3.234020233154297,16.004518508911133,0.0011987771140411496,-0.010389789938926697,-1.4586014913220424e-05,0.999945342540741,2.953129529953003,18.63332176208496,15.015043258666992,img_1770629951_910488843.png
3.2333366870880127,3.262685537338257,16.004533767700195,0.0013127902057021856,-0.010444401763379574,-1.6071691788965836e-05,0.9999446272850037,2.9520103931427,18.7210693359375,15.015021324157715,img_1770629951_992799997.png
3.158381223678589,3.348013162612915,16.004566192626953,0.001677455147728324,-0.01060933992266655,-2.067575405817479e-05,0.9999423623085022,2.9498753547668457,18.896560668945312,15.014968872070312,img_1770629952_93045949.png
3.081993818283081,3.4322891235351562,16.004581451416016,0.002073464449495077,-0.010773325338959694,-2.5581995942047797e-05,0.9999398589134216,2.9483656883239746,19.02817726135254,15.014923095703125,img_1770629952_192967891.png
3.004155397415161,3.51544451713562,16.00458335876465,0.0025106649845838547,-0.010938361287117004,-3.1057585147209466e-05,0.9999370574951172,2.9469363689422607,19.159793853759766,15.014870643615723,img_1770629952_293035030.png
2.9248461723327637,3.5974032878875732,16.004566192626953,0.0030096257105469704,-0.011109555140137672,-3.748418384930119e-05,0.9999337792396545,2.946028470993042,19.247535705566406,15.014832496643066,img_1770629952_393170833.png
2.844045639038086,3.678077459335327,16.00452995300293,0.003596280701458454,-0.01129175815731287,-4.5291373680811375e-05,0.9999297857284546,2.9443230628967285,19.423019409179688,15.014747619628906,img_1770629952_493057966.png
2.7617318630218506,3.7573635578155518,16.004474639892578,0.004298942629247904,-0.011487385258078575,-5.493354547070339e-05,0.9999247789382935,2.943526268005371,19.510759353637695,15.014701843261719,img_1770629952_593173980.png
2.677879571914673,3.8351361751556396,16.004398345947266,0.005148458760231733,-0.011695422232151031,-6.691215821774676e-05,0.9999183416366577,2.942047119140625,19.68623924255371,15.014599800109863,img_1770629952_693284034.png
2.5924618244171143,3.911242961883545,16.004297256469727,0.006181385368108749,-0.011911079287528992,-8.183650788851082e-05,0.9999099969863892,2.9410393238067627,19.817846298217773,15.01451587677002,img_1770629952_793403863.png
2.505465269088745,3.985516309738159,16.004167556762695,0.00225944840349257,-0.007993768900632858,-6.895029946463183e-05,0.999965488910675,2.9401204586029053,19.94944953918457,15.014424324035645,img_1770629952_893488883.png
2.4177794456481934,4.058876991271973,16.004026412963867,-0.016964131966233253,0.008360326290130615,-0.0005499772378243506,0.9998210072517395,2.9392924308776855,20.081052780151367,15.014327049255371,img_1770629952_993624925.png
2.332414388656616,4.134850025177002,16.00408363342285,-0.03951195999979973,0.02768338844180107,-0.0014332145219668746,0.998834490776062,2.9385569095611572,20.21265411376953,15.01422119140625,img_1770629953_93744993.png
2.2530336380004883,4.21768856048584,16.00433921813965,-0.05609472841024399,0.04259525611996651,-0.002253093756735325,0.9975138902664185,2.9381189346313477,20.300386428833008,15.014147758483887,img_1770629953_193838834.png
2.182539701461792,4.310593605041504,16.004531860351562,-0.06390852481126785,0.050687991082668304,-0.0028100665658712387,0.9966636896133423,2.937371253967285,20.475849151611328,15.013989448547363,img_1770629953_293754816.png
2.1225273609161377,4.415076732635498,16.004484176635742,-0.0641009658575058,0.052762120962142944,-0.003028379986062646,0.9965431094169617,2.936924934387207,20.60744285583496,15.013862609863281,img_1770629953_393868923.png
2.0734100341796875,4.531149864196777,16.004220962524414,-0.05826064944267273,0.05182483792304993,-0.0028522328939288855,0.9969512820243835,2.936579465866089,20.73903465270996,15.013727188110352,img_1770629953_493940830.png
2.0349819660186768,4.6574788093566895,16.003814697265625,-0.04229027405381203,0.05152551829814911,-0.0016828783554956317,0.9977744817733765,2.9363369941711426,20.870624542236328,15.01358413696289,img_1770629953_593999862.png
2.007053852081299,4.790980815887451,16.003442764282227,-0.02266789600253105,0.051218610256910324,-0.0004091832088306546,0.9984301328659058,2.9362001419067383,21.00221061706543,15.013432502746582,img_1770629953_694283008.png
1.9894342422485352,4.927830219268799,16.00323486328125,-0.005499199032783508,0.04959524795413017,0.0004628413589671254,0.9987541437149048,2.936168670654297,21.089933395385742,15.013326644897461,img_1770629953_794349908.png
1.9816875457763672,5.0646562576293945,16.00316047668457,0.005928474012762308,0.04574175924062729,0.0008319442858919501,0.9989354014396667,2.936213254928589,21.221515655517578,15.013160705566406,img_1770629953_894419908.png
1.9829667806625366,5.199202060699463,16.003143310546875,0.01096582505851984,0.03959517925977707,0.000828420917969197,0.9991552829742432,2.9364490509033203,21.39695167541504,15.01292610168457,img_1770629953_994419813.png
1.9920023679733276,5.330460071563721,16.00313949584961,0.010806484147906303,0.03194936364889145,0.0006383993895724416,0.9994308948516846,2.9366443157196045,21.484668731689453,15.012802124023438,img_1770629954_94404935.png
2.0072498321533203,5.458444595336914,16.00316047668457,0.007526791654527187,0.024071846157312393,0.00040338144754059613,0.999681830406189,2.9370369911193848,21.616239547729492,15.012608528137207,img_1770629954_194514989.png
2.027127742767334,5.583790302276611,16.003219604492188,0.00321569899097085,0.017179928719997406,0.0002020769752562046,0.9998472332954407,2.9377520084381104,21.791664123535156,15.012335777282715,img_1770629954_294564962.png
2.050250291824341,5.707343578338623,16.003324508666992,-0.0005931966588832438,0.012051567435264587,6.497833237517625e-05,0.9999272227287292,2.9381940364837646,21.87937355041504,15.012191772460938,img_1770629954_394629955.png
2.0755774974823,5.829862117767334,16.00345802307129,-0.0031374311074614525,0.00888381339609623,-8.308492397191003e-06,0.9999556541442871,2.9389665126800537,22.01093292236328,15.011967658996582,img_1770629954_494894981.png
2.1024539470672607,5.9518609046936035,16.003604888916016,-0.0043394919484853745,0.007381077855825424,-3.496620411169715e-05,0.9999633431434631,2.9402074813842773,22.18634033203125,15.011651992797852,img_1770629954_595008850.png
2.130553960800171,6.073593616485596,16.003755569458008,-0.004551236983388662,0.006975938566029072,-3.669411307782866e-05,0.9999653100967407,2.941302537918091,22.317890167236328,15.011402130126953,img_1770629954_695142984.png
